2025-10-17 07:22:37,853 - INFO - 🔄 Loading model: sentence-transformers/paraphrase-multilingual-MiniLM-L12-v2
2025-10-17 07:22:37,854 - INFO - Load pretrained SentenceTransformer: sentence-transformers/paraphrase-multilingual-MiniLM-L12-v2
2025-10-17 07:25:16,775 - INFO - Use pytorch device: cpu
2025-10-17 07:25:18,455 - INFO - ✅ Model loaded successfully (dim=384)
2025-10-17 07:25:18,455 - INFO - 🔗 Connecting to database: 192.168.2.37:5432/miv_db
2025-10-17 07:25:18,639 - INFO - ✅ Connected to PostgreSQL
2025-10-17 07:25:18,641 - INFO - 📊 Total items in database: 2,486
2025-10-17 07:25:18,697 - INFO - 📊 Processing 2,478 items...
2025-10-17 07:25:19,614 - ERROR - Failed to save embedding for item 1: 'str' object is not callable
2025-10-17 07:25:19,619 - ERROR - Failed to save embedding for item 2: 'str' object is not callable
2025-10-17 07:25:19,620 - ERROR - Failed to save embedding for item 3: 'str' object is not callable
2025-10-17 07:25:19,620 - ERROR - Failed to save embedding for item 4: 'str' object is not callable
2025-10-17 07:25:19,620 - ERROR - Failed to save embedding for item 5: 'str' object is not callable
2025-10-17 07:25:19,621 - ERROR - Failed to save embedding for item 6: 'str' object is not callable
2025-10-17 07:25:19,621 - ERROR - Failed to save embedding for item 7: 'str' object is not callable
2025-10-17 07:25:19,621 - ERROR - Failed to save embedding for item 8: 'str' object is not callable
2025-10-17 07:25:19,622 - ERROR - Failed to save embedding for item 9: 'str' object is not callable
2025-10-17 07:25:19,622 - ERROR - Failed to save embedding for item 10: 'str' object is not callable
2025-10-17 07:25:19,622 - ERROR - Failed to save embedding for item 11: 'str' object is not callable
2025-10-17 07:25:19,623 - ERROR - Failed to save embedding for item 12: 'str' object is not callable
2025-10-17 07:25:19,623 - ERROR - Failed to save embedding for item 13: 'str' object is not callable
2025-10-17 07:25:19,623 - ERROR - Failed to save embedding for item 14: 'str' object is not callable
2025-10-17 07:25:19,624 - ERROR - Failed to save embedding for item 15: 'str' object is not callable
2025-10-17 07:25:19,624 - ERROR - Failed to save embedding for item 16: 'str' object is not callable
2025-10-17 07:25:19,624 - ERROR - Failed to save embedding for item 17: 'str' object is not callable
2025-10-17 07:25:19,624 - ERROR - Failed to save embedding for item 18: 'str' object is not callable
2025-10-17 07:25:19,625 - ERROR - Failed to save embedding for item 19: 'str' object is not callable
2025-10-17 07:25:19,625 - ERROR - Failed to save embedding for item 20: 'str' object is not callable
2025-10-17 07:25:19,625 - ERROR - Failed to save embedding for item 21: 'str' object is not callable
2025-10-17 07:25:19,626 - ERROR - Failed to save embedding for item 22: 'str' object is not callable
2025-10-17 07:25:19,626 - ERROR - Failed to save embedding for item 23: 'str' object is not callable
2025-10-17 07:25:19,626 - ERROR - Failed to save embedding for item 26: 'str' object is not callable
2025-10-17 07:25:19,627 - ERROR - Failed to save embedding for item 28: 'str' object is not callable
2025-10-17 07:25:19,627 - ERROR - Failed to save embedding for item 29: 'str' object is not callable
2025-10-17 07:25:19,628 - ERROR - Failed to save embedding for item 30: 'str' object is not callable
2025-10-17 07:25:19,628 - ERROR - Failed to save embedding for item 31: 'str' object is not callable
2025-10-17 07:25:19,628 - ERROR - Failed to save embedding for item 32: 'str' object is not callable
2025-10-17 07:25:19,628 - ERROR - Failed to save embedding for item 33: 'str' object is not callable
2025-10-17 07:25:19,629 - ERROR - Failed to save embedding for item 34: 'str' object is not callable
2025-10-17 07:25:19,629 - ERROR - Failed to save embedding for item 35: 'str' object is not callable
2025-10-17 07:25:19,629 - ERROR - Failed to save embedding for item 36: 'str' object is not callable
2025-10-17 07:25:19,630 - ERROR - Failed to save embedding for item 38: 'str' object is not callable
2025-10-17 07:25:19,630 - ERROR - Failed to save embedding for item 39: 'str' object is not callable
2025-10-17 07:25:19,631 - ERROR - Failed to save embedding for item 40: 'str' object is not callable
2025-10-17 07:25:19,631 - ERROR - Failed to save embedding for item 41: 'str' object is not callable
2025-10-17 07:25:19,631 - ERROR - Failed to save embedding for item 43: 'str' object is not callable
2025-10-17 07:25:19,632 - ERROR - Failed to save embedding for item 45: 'str' object is not callable
2025-10-17 07:25:19,632 - ERROR - Failed to save embedding for item 46: 'str' object is not callable
2025-10-17 07:25:19,633 - ERROR - Failed to save embedding for item 47: 'str' object is not callable
2025-10-17 07:25:19,633 - ERROR - Failed to save embedding for item 48: 'str' object is not callable
2025-10-17 07:25:19,633 - ERROR - Failed to save embedding for item 49: 'str' object is not callable
2025-10-17 07:25:19,634 - ERROR - Failed to save embedding for item 50: 'str' object is not callable
2025-10-17 07:25:19,634 - ERROR - Failed to save embedding for item 51: 'str' object is not callable
2025-10-17 07:25:19,635 - ERROR - Failed to save embedding for item 52: 'str' object is not callable
2025-10-17 07:25:19,635 - ERROR - Failed to save embedding for item 53: 'str' object is not callable
2025-10-17 07:25:19,635 - ERROR - Failed to save embedding for item 54: 'str' object is not callable
2025-10-17 07:25:19,636 - ERROR - Failed to save embedding for item 55: 'str' object is not callable
2025-10-17 07:25:19,636 - ERROR - Failed to save embedding for item 56: 'str' object is not callable
2025-10-17 07:25:20,552 - ERROR - Failed to save embedding for item 57: 'str' object is not callable
2025-10-17 07:25:20,553 - ERROR - Failed to save embedding for item 58: 'str' object is not callable
2025-10-17 07:25:20,553 - ERROR - Failed to save embedding for item 59: 'str' object is not callable
2025-10-17 07:25:20,554 - ERROR - Failed to save embedding for item 60: 'str' object is not callable
2025-10-17 07:25:20,554 - ERROR - Failed to save embedding for item 61: 'str' object is not callable
2025-10-17 07:25:20,554 - ERROR - Failed to save embedding for item 62: 'str' object is not callable
2025-10-17 07:25:20,555 - ERROR - Failed to save embedding for item 63: 'str' object is not callable
2025-10-17 07:25:20,555 - ERROR - Failed to save embedding for item 64: 'str' object is not callable
2025-10-17 07:25:20,556 - ERROR - Failed to save embedding for item 65: 'str' object is not callable
2025-10-17 07:25:20,556 - ERROR - Failed to save embedding for item 66: 'str' object is not callable
2025-10-17 07:25:20,556 - ERROR - Failed to save embedding for item 67: 'str' object is not callable
2025-10-17 07:25:20,557 - ERROR - Failed to save embedding for item 68: 'str' object is not callable
2025-10-17 07:25:20,557 - ERROR - Failed to save embedding for item 69: 'str' object is not callable
2025-10-17 07:25:20,558 - ERROR - Failed to save embedding for item 70: 'str' object is not callable
2025-10-17 07:25:20,558 - ERROR - Failed to save embedding for item 71: 'str' object is not callable
2025-10-17 07:25:20,558 - ERROR - Failed to save embedding for item 72: 'str' object is not callable
2025-10-17 07:25:20,559 - ERROR - Failed to save embedding for item 73: 'str' object is not callable
2025-10-17 07:25:20,559 - ERROR - Failed to save embedding for item 74: 'str' object is not callable
2025-10-17 07:25:20,560 - ERROR - Failed to save embedding for item 75: 'str' object is not callable
2025-10-17 07:25:20,560 - ERROR - Failed to save embedding for item 76: 'str' object is not callable
2025-10-17 07:25:20,561 - ERROR - Failed to save embedding for item 77: 'str' object is not callable
2025-10-17 07:25:20,561 - ERROR - Failed to save embedding for item 78: 'str' object is not callable
2025-10-17 07:25:20,562 - ERROR - Failed to save embedding for item 79: 'str' object is not callable
2025-10-17 07:25:20,562 - ERROR - Failed to save embedding for item 80: 'str' object is not callable
2025-10-17 07:25:20,563 - ERROR - Failed to save embedding for item 81: 'str' object is not callable
2025-10-17 07:25:20,563 - ERROR - Failed to save embedding for item 82: 'str' object is not callable
2025-10-17 07:25:20,563 - ERROR - Failed to save embedding for item 83: 'str' object is not callable
2025-10-17 07:25:20,564 - ERROR - Failed to save embedding for item 84: 'str' object is not callable
2025-10-17 07:25:20,564 - ERROR - Failed to save embedding for item 85: 'str' object is not callable
2025-10-17 07:25:20,564 - ERROR - Failed to save embedding for item 86: 'str' object is not callable
2025-10-17 07:25:20,565 - ERROR - Failed to save embedding for item 87: 'str' object is not callable
2025-10-17 07:25:20,565 - ERROR - Failed to save embedding for item 88: 'str' object is not callable
2025-10-17 07:25:20,566 - ERROR - Failed to save embedding for item 89: 'str' object is not callable
2025-10-17 07:25:20,566 - ERROR - Failed to save embedding for item 90: 'str' object is not callable
2025-10-17 07:25:20,566 - ERROR - Failed to save embedding for item 91: 'str' object is not callable
2025-10-17 07:25:20,567 - ERROR - Failed to save embedding for item 92: 'str' object is not callable
2025-10-17 07:25:20,567 - ERROR - Failed to save embedding for item 93: 'str' object is not callable
2025-10-17 07:25:20,568 - ERROR - Failed to save embedding for item 94: 'str' object is not callable
2025-10-17 07:25:20,568 - ERROR - Failed to save embedding for item 95: 'str' object is not callable
2025-10-17 07:25:20,569 - ERROR - Failed to save embedding for item 96: 'str' object is not callable
2025-10-17 07:25:20,569 - ERROR - Failed to save embedding for item 97: 'str' object is not callable
2025-10-17 07:25:20,569 - ERROR - Failed to save embedding for item 98: 'str' object is not callable
2025-10-17 07:25:20,570 - ERROR - Failed to save embedding for item 99: 'str' object is not callable
2025-10-17 07:25:20,570 - ERROR - Failed to save embedding for item 100: 'str' object is not callable
2025-10-17 07:25:20,570 - ERROR - Failed to save embedding for item 101: 'str' object is not callable
2025-10-17 07:25:20,571 - ERROR - Failed to save embedding for item 102: 'str' object is not callable
2025-10-17 07:25:20,571 - ERROR - Failed to save embedding for item 103: 'str' object is not callable
2025-10-17 07:25:20,571 - ERROR - Failed to save embedding for item 104: 'str' object is not callable
2025-10-17 07:25:20,572 - ERROR - Failed to save embedding for item 105: 'str' object is not callable
2025-10-17 07:25:20,572 - ERROR - Failed to save embedding for item 106: 'str' object is not callable
2025-10-17 07:25:21,648 - ERROR - Failed to save embedding for item 107: 'str' object is not callable
2025-10-17 07:25:21,648 - ERROR - Failed to save embedding for item 108: 'str' object is not callable
2025-10-17 07:25:21,649 - ERROR - Failed to save embedding for item 109: 'str' object is not callable
2025-10-17 07:25:21,649 - ERROR - Failed to save embedding for item 110: 'str' object is not callable
2025-10-17 07:25:21,649 - ERROR - Failed to save embedding for item 111: 'str' object is not callable
2025-10-17 07:25:21,649 - ERROR - Failed to save embedding for item 112: 'str' object is not callable
2025-10-17 07:25:21,650 - ERROR - Failed to save embedding for item 113: 'str' object is not callable
2025-10-17 07:25:21,650 - ERROR - Failed to save embedding for item 114: 'str' object is not callable
2025-10-17 07:25:21,650 - ERROR - Failed to save embedding for item 115: 'str' object is not callable
2025-10-17 07:25:21,650 - ERROR - Failed to save embedding for item 116: 'str' object is not callable
2025-10-17 07:25:21,651 - ERROR - Failed to save embedding for item 117: 'str' object is not callable
2025-10-17 07:25:21,651 - ERROR - Failed to save embedding for item 118: 'str' object is not callable
2025-10-17 07:25:21,651 - ERROR - Failed to save embedding for item 119: 'str' object is not callable
2025-10-17 07:25:21,652 - ERROR - Failed to save embedding for item 120: 'str' object is not callable
2025-10-17 07:25:21,652 - ERROR - Failed to save embedding for item 121: 'str' object is not callable
2025-10-17 07:25:21,652 - ERROR - Failed to save embedding for item 122: 'str' object is not callable
2025-10-17 07:25:21,652 - ERROR - Failed to save embedding for item 123: 'str' object is not callable
2025-10-17 07:25:21,653 - ERROR - Failed to save embedding for item 124: 'str' object is not callable
2025-10-17 07:25:21,653 - ERROR - Failed to save embedding for item 125: 'str' object is not callable
2025-10-17 07:25:21,653 - ERROR - Failed to save embedding for item 126: 'str' object is not callable
2025-10-17 07:25:21,654 - ERROR - Failed to save embedding for item 127: 'str' object is not callable
2025-10-17 07:25:21,654 - ERROR - Failed to save embedding for item 128: 'str' object is not callable
2025-10-17 07:25:21,654 - ERROR - Failed to save embedding for item 129: 'str' object is not callable
2025-10-17 07:25:21,654 - ERROR - Failed to save embedding for item 130: 'str' object is not callable
2025-10-17 07:25:21,655 - ERROR - Failed to save embedding for item 131: 'str' object is not callable
2025-10-17 07:25:21,655 - ERROR - Failed to save embedding for item 132: 'str' object is not callable
2025-10-17 07:25:21,655 - ERROR - Failed to save embedding for item 133: 'str' object is not callable
2025-10-17 07:25:21,655 - ERROR - Failed to save embedding for item 134: 'str' object is not callable
2025-10-17 07:25:21,656 - ERROR - Failed to save embedding for item 135: 'str' object is not callable
2025-10-17 07:25:21,656 - ERROR - Failed to save embedding for item 136: 'str' object is not callable
2025-10-17 07:25:21,656 - ERROR - Failed to save embedding for item 137: 'str' object is not callable
2025-10-17 07:25:21,657 - ERROR - Failed to save embedding for item 138: 'str' object is not callable
2025-10-17 07:25:21,657 - ERROR - Failed to save embedding for item 139: 'str' object is not callable
2025-10-17 07:25:21,657 - ERROR - Failed to save embedding for item 140: 'str' object is not callable
2025-10-17 07:25:21,657 - ERROR - Failed to save embedding for item 141: 'str' object is not callable
2025-10-17 07:25:21,658 - ERROR - Failed to save embedding for item 142: 'str' object is not callable
2025-10-17 07:25:21,658 - ERROR - Failed to save embedding for item 143: 'str' object is not callable
2025-10-17 07:25:21,658 - ERROR - Failed to save embedding for item 144: 'str' object is not callable
2025-10-17 07:25:21,658 - ERROR - Failed to save embedding for item 145: 'str' object is not callable
2025-10-17 07:25:21,659 - ERROR - Failed to save embedding for item 146: 'str' object is not callable
2025-10-17 07:25:21,659 - ERROR - Failed to save embedding for item 147: 'str' object is not callable
2025-10-17 07:25:21,659 - ERROR - Failed to save embedding for item 148: 'str' object is not callable
2025-10-17 07:25:21,660 - ERROR - Failed to save embedding for item 149: 'str' object is not callable
2025-10-17 07:25:21,660 - ERROR - Failed to save embedding for item 150: 'str' object is not callable
2025-10-17 07:25:21,660 - ERROR - Failed to save embedding for item 151: 'str' object is not callable
2025-10-17 07:25:21,660 - ERROR - Failed to save embedding for item 152: 'str' object is not callable
2025-10-17 07:25:21,661 - ERROR - Failed to save embedding for item 153: 'str' object is not callable
2025-10-17 07:25:21,661 - ERROR - Failed to save embedding for item 154: 'str' object is not callable
2025-10-17 07:25:21,661 - ERROR - Failed to save embedding for item 155: 'str' object is not callable
2025-10-17 07:25:21,661 - ERROR - Failed to save embedding for item 156: 'str' object is not callable
2025-10-17 07:25:22,741 - ERROR - Failed to save embedding for item 157: 'str' object is not callable
2025-10-17 07:25:22,741 - ERROR - Failed to save embedding for item 158: 'str' object is not callable
2025-10-17 07:25:22,741 - ERROR - Failed to save embedding for item 159: 'str' object is not callable
2025-10-17 07:25:22,742 - ERROR - Failed to save embedding for item 160: 'str' object is not callable
2025-10-17 07:25:22,742 - ERROR - Failed to save embedding for item 161: 'str' object is not callable
2025-10-17 07:25:22,742 - ERROR - Failed to save embedding for item 163: 'str' object is not callable
2025-10-17 07:25:22,742 - ERROR - Failed to save embedding for item 164: 'str' object is not callable
2025-10-17 07:25:22,743 - ERROR - Failed to save embedding for item 165: 'str' object is not callable
2025-10-17 07:25:22,743 - ERROR - Failed to save embedding for item 166: 'str' object is not callable
2025-10-17 07:25:22,743 - ERROR - Failed to save embedding for item 167: 'str' object is not callable
2025-10-17 07:25:22,744 - ERROR - Failed to save embedding for item 169: 'str' object is not callable
2025-10-17 07:25:22,744 - ERROR - Failed to save embedding for item 170: 'str' object is not callable
2025-10-17 07:25:22,744 - ERROR - Failed to save embedding for item 171: 'str' object is not callable
2025-10-17 07:25:22,744 - ERROR - Failed to save embedding for item 172: 'str' object is not callable
2025-10-17 07:25:22,745 - ERROR - Failed to save embedding for item 173: 'str' object is not callable
2025-10-17 07:25:22,745 - ERROR - Failed to save embedding for item 174: 'str' object is not callable
2025-10-17 07:25:22,745 - ERROR - Failed to save embedding for item 175: 'str' object is not callable
2025-10-17 07:25:22,745 - ERROR - Failed to save embedding for item 176: 'str' object is not callable
2025-10-17 07:25:22,746 - ERROR - Failed to save embedding for item 247: 'str' object is not callable
2025-10-17 07:25:22,746 - ERROR - Failed to save embedding for item 177: 'str' object is not callable
2025-10-17 07:25:22,746 - ERROR - Failed to save embedding for item 178: 'str' object is not callable
2025-10-17 07:25:22,747 - ERROR - Failed to save embedding for item 179: 'str' object is not callable
2025-10-17 07:25:22,747 - ERROR - Failed to save embedding for item 180: 'str' object is not callable
2025-10-17 07:25:22,747 - ERROR - Failed to save embedding for item 181: 'str' object is not callable
2025-10-17 07:25:22,747 - ERROR - Failed to save embedding for item 182: 'str' object is not callable
2025-10-17 07:25:22,748 - ERROR - Failed to save embedding for item 183: 'str' object is not callable
2025-10-17 07:25:22,748 - ERROR - Failed to save embedding for item 184: 'str' object is not callable
2025-10-17 07:25:22,748 - ERROR - Failed to save embedding for item 185: 'str' object is not callable
2025-10-17 07:25:22,748 - ERROR - Failed to save embedding for item 186: 'str' object is not callable
2025-10-17 07:25:22,749 - ERROR - Failed to save embedding for item 187: 'str' object is not callable
2025-10-17 07:25:22,749 - ERROR - Failed to save embedding for item 188: 'str' object is not callable
2025-10-17 07:25:22,749 - ERROR - Failed to save embedding for item 189: 'str' object is not callable
2025-10-17 07:25:22,750 - ERROR - Failed to save embedding for item 190: 'str' object is not callable
2025-10-17 07:25:22,750 - ERROR - Failed to save embedding for item 191: 'str' object is not callable
2025-10-17 07:25:22,750 - ERROR - Failed to save embedding for item 192: 'str' object is not callable
2025-10-17 07:25:22,750 - ERROR - Failed to save embedding for item 193: 'str' object is not callable
2025-10-17 07:25:22,751 - ERROR - Failed to save embedding for item 194: 'str' object is not callable
2025-10-17 07:25:22,751 - ERROR - Failed to save embedding for item 195: 'str' object is not callable
2025-10-17 07:25:22,751 - ERROR - Failed to save embedding for item 196: 'str' object is not callable
2025-10-17 07:25:22,751 - ERROR - Failed to save embedding for item 197: 'str' object is not callable
2025-10-17 07:25:22,752 - ERROR - Failed to save embedding for item 198: 'str' object is not callable
2025-10-17 07:25:22,752 - ERROR - Failed to save embedding for item 199: 'str' object is not callable
2025-10-17 07:25:22,752 - ERROR - Failed to save embedding for item 200: 'str' object is not callable
2025-10-17 07:25:22,753 - ERROR - Failed to save embedding for item 201: 'str' object is not callable
2025-10-17 07:25:22,753 - ERROR - Failed to save embedding for item 202: 'str' object is not callable
2025-10-17 07:25:22,753 - ERROR - Failed to save embedding for item 203: 'str' object is not callable
2025-10-17 07:25:22,753 - ERROR - Failed to save embedding for item 204: 'str' object is not callable
2025-10-17 07:25:22,754 - ERROR - Failed to save embedding for item 205: 'str' object is not callable
2025-10-17 07:25:22,754 - ERROR - Failed to save embedding for item 206: 'str' object is not callable
2025-10-17 07:25:22,755 - ERROR - Failed to save embedding for item 207: 'str' object is not callable
2025-10-17 07:25:23,747 - ERROR - Failed to save embedding for item 208: 'str' object is not callable
2025-10-17 07:25:23,748 - ERROR - Failed to save embedding for item 248: 'str' object is not callable
2025-10-17 07:25:23,748 - ERROR - Failed to save embedding for item 209: 'str' object is not callable
2025-10-17 07:25:23,749 - ERROR - Failed to save embedding for item 210: 'str' object is not callable
2025-10-17 07:25:23,749 - ERROR - Failed to save embedding for item 211: 'str' object is not callable
2025-10-17 07:25:23,750 - ERROR - Failed to save embedding for item 212: 'str' object is not callable
2025-10-17 07:25:23,750 - ERROR - Failed to save embedding for item 213: 'str' object is not callable
2025-10-17 07:25:23,750 - ERROR - Failed to save embedding for item 214: 'str' object is not callable
2025-10-17 07:25:23,750 - ERROR - Failed to save embedding for item 215: 'str' object is not callable
2025-10-17 07:25:23,751 - ERROR - Failed to save embedding for item 216: 'str' object is not callable
2025-10-17 07:25:23,751 - ERROR - Failed to save embedding for item 217: 'str' object is not callable
2025-10-17 07:25:23,751 - ERROR - Failed to save embedding for item 218: 'str' object is not callable
2025-10-17 07:25:23,752 - ERROR - Failed to save embedding for item 219: 'str' object is not callable
2025-10-17 07:25:23,752 - ERROR - Failed to save embedding for item 220: 'str' object is not callable
2025-10-17 07:25:23,752 - ERROR - Failed to save embedding for item 221: 'str' object is not callable
2025-10-17 07:25:23,752 - ERROR - Failed to save embedding for item 222: 'str' object is not callable
2025-10-17 07:25:23,753 - ERROR - Failed to save embedding for item 223: 'str' object is not callable
2025-10-17 07:25:23,753 - ERROR - Failed to save embedding for item 224: 'str' object is not callable
2025-10-17 07:25:23,753 - ERROR - Failed to save embedding for item 225: 'str' object is not callable
2025-10-17 07:25:23,753 - ERROR - Failed to save embedding for item 226: 'str' object is not callable
2025-10-17 07:25:23,754 - ERROR - Failed to save embedding for item 227: 'str' object is not callable
2025-10-17 07:25:23,754 - ERROR - Failed to save embedding for item 228: 'str' object is not callable
2025-10-17 07:25:23,755 - ERROR - Failed to save embedding for item 229: 'str' object is not callable
2025-10-17 07:25:23,755 - ERROR - Failed to save embedding for item 230: 'str' object is not callable
2025-10-17 07:25:23,755 - ERROR - Failed to save embedding for item 232: 'str' object is not callable
2025-10-17 07:25:23,756 - ERROR - Failed to save embedding for item 233: 'str' object is not callable
2025-10-17 07:25:23,756 - ERROR - Failed to save embedding for item 236: 'str' object is not callable
2025-10-17 07:25:23,757 - ERROR - Failed to save embedding for item 237: 'str' object is not callable
2025-10-17 07:25:23,757 - ERROR - Failed to save embedding for item 238: 'str' object is not callable
2025-10-17 07:25:23,757 - ERROR - Failed to save embedding for item 239: 'str' object is not callable
2025-10-17 07:25:23,758 - ERROR - Failed to save embedding for item 240: 'str' object is not callable
2025-10-17 07:25:23,758 - ERROR - Failed to save embedding for item 241: 'str' object is not callable
2025-10-17 07:25:23,759 - ERROR - Failed to save embedding for item 242: 'str' object is not callable
2025-10-17 07:25:23,759 - ERROR - Failed to save embedding for item 243: 'str' object is not callable
2025-10-17 07:25:23,759 - ERROR - Failed to save embedding for item 244: 'str' object is not callable
2025-10-17 07:25:23,760 - ERROR - Failed to save embedding for item 245: 'str' object is not callable
2025-10-17 07:25:23,760 - ERROR - Failed to save embedding for item 246: 'str' object is not callable
2025-10-17 07:25:23,761 - ERROR - Failed to save embedding for item 249: 'str' object is not callable
2025-10-17 07:25:23,761 - ERROR - Failed to save embedding for item 250: 'str' object is not callable
2025-10-17 07:25:23,762 - ERROR - Failed to save embedding for item 251: 'str' object is not callable
2025-10-17 07:25:23,762 - ERROR - Failed to save embedding for item 252: 'str' object is not callable
2025-10-17 07:25:23,762 - ERROR - Failed to save embedding for item 253: 'str' object is not callable
2025-10-17 07:25:23,763 - ERROR - Failed to save embedding for item 254: 'str' object is not callable
2025-10-17 07:25:23,763 - ERROR - Failed to save embedding for item 255: 'str' object is not callable
2025-10-17 07:25:23,764 - ERROR - Failed to save embedding for item 256: 'str' object is not callable
2025-10-17 07:25:23,764 - ERROR - Failed to save embedding for item 257: 'str' object is not callable
2025-10-17 07:25:23,765 - ERROR - Failed to save embedding for item 258: 'str' object is not callable
2025-10-17 07:25:23,765 - ERROR - Failed to save embedding for item 259: 'str' object is not callable
2025-10-17 07:25:23,766 - ERROR - Failed to save embedding for item 260: 'str' object is not callable
2025-10-17 07:25:23,766 - ERROR - Failed to save embedding for item 261: 'str' object is not callable
2025-10-17 07:25:24,326 - ERROR - Failed to save embedding for item 262: 'str' object is not callable
2025-10-17 07:25:24,326 - ERROR - Failed to save embedding for item 263: 'str' object is not callable
2025-10-17 07:25:24,327 - ERROR - Failed to save embedding for item 264: 'str' object is not callable
2025-10-17 07:25:24,327 - ERROR - Failed to save embedding for item 265: 'str' object is not callable
2025-10-17 07:25:24,327 - ERROR - Failed to save embedding for item 266: 'str' object is not callable
2025-10-17 07:25:24,327 - ERROR - Failed to save embedding for item 273: 'str' object is not callable
2025-10-17 07:25:24,328 - ERROR - Failed to save embedding for item 268: 'str' object is not callable
2025-10-17 07:25:24,328 - ERROR - Failed to save embedding for item 269: 'str' object is not callable
2025-10-17 07:25:24,328 - ERROR - Failed to save embedding for item 24: 'str' object is not callable
2025-10-17 07:25:24,328 - ERROR - Failed to save embedding for item 271: 'str' object is not callable
2025-10-17 07:25:24,329 - ERROR - Failed to save embedding for item 275: 'str' object is not callable
2025-10-17 07:25:24,329 - ERROR - Failed to save embedding for item 276: 'str' object is not callable
2025-10-17 07:25:24,329 - ERROR - Failed to save embedding for item 277: 'str' object is not callable
2025-10-17 07:25:24,330 - ERROR - Failed to save embedding for item 278: 'str' object is not callable
2025-10-17 07:25:24,330 - ERROR - Failed to save embedding for item 279: 'str' object is not callable
2025-10-17 07:25:24,330 - ERROR - Failed to save embedding for item 280: 'str' object is not callable
2025-10-17 07:25:24,330 - ERROR - Failed to save embedding for item 287: 'str' object is not callable
2025-10-17 07:25:24,331 - ERROR - Failed to save embedding for item 288: 'str' object is not callable
2025-10-17 07:25:24,331 - ERROR - Failed to save embedding for item 289: 'str' object is not callable
2025-10-17 07:25:24,331 - ERROR - Failed to save embedding for item 290: 'str' object is not callable
2025-10-17 07:25:24,331 - ERROR - Failed to save embedding for item 291: 'str' object is not callable
2025-10-17 07:25:24,332 - ERROR - Failed to save embedding for item 292: 'str' object is not callable
2025-10-17 07:25:24,332 - ERROR - Failed to save embedding for item 293: 'str' object is not callable
2025-10-17 07:25:24,332 - ERROR - Failed to save embedding for item 294: 'str' object is not callable
2025-10-17 07:25:24,333 - ERROR - Failed to save embedding for item 295: 'str' object is not callable
2025-10-17 07:25:24,333 - ERROR - Failed to save embedding for item 296: 'str' object is not callable
2025-10-17 07:25:24,333 - ERROR - Failed to save embedding for item 297: 'str' object is not callable
2025-10-17 07:25:24,333 - ERROR - Failed to save embedding for item 298: 'str' object is not callable
2025-10-17 07:25:24,334 - ERROR - Failed to save embedding for item 299: 'str' object is not callable
2025-10-17 07:25:24,334 - ERROR - Failed to save embedding for item 300: 'str' object is not callable
2025-10-17 07:25:24,334 - ERROR - Failed to save embedding for item 301: 'str' object is not callable
2025-10-17 07:25:24,335 - ERROR - Failed to save embedding for item 302: 'str' object is not callable
2025-10-17 07:25:24,335 - ERROR - Failed to save embedding for item 25: 'str' object is not callable
2025-10-17 07:25:24,335 - ERROR - Failed to save embedding for item 303: 'str' object is not callable
2025-10-17 07:25:24,335 - ERROR - Failed to save embedding for item 304: 'str' object is not callable
2025-10-17 07:25:24,336 - ERROR - Failed to save embedding for item 305: 'str' object is not callable
2025-10-17 07:25:24,336 - ERROR - Failed to save embedding for item 306: 'str' object is not callable
2025-10-17 07:25:24,336 - ERROR - Failed to save embedding for item 307: 'str' object is not callable
2025-10-17 07:25:24,336 - ERROR - Failed to save embedding for item 308: 'str' object is not callable
2025-10-17 07:25:24,337 - ERROR - Failed to save embedding for item 309: 'str' object is not callable
2025-10-17 07:25:24,337 - ERROR - Failed to save embedding for item 310: 'str' object is not callable
2025-10-17 07:25:24,337 - ERROR - Failed to save embedding for item 311: 'str' object is not callable
2025-10-17 07:25:24,338 - ERROR - Failed to save embedding for item 312: 'str' object is not callable
2025-10-17 07:25:24,338 - ERROR - Failed to save embedding for item 283: 'str' object is not callable
2025-10-17 07:25:24,338 - ERROR - Failed to save embedding for item 284: 'str' object is not callable
2025-10-17 07:25:24,339 - ERROR - Failed to save embedding for item 267: 'str' object is not callable
2025-10-17 07:25:24,339 - ERROR - Failed to save embedding for item 285: 'str' object is not callable
2025-10-17 07:25:24,340 - ERROR - Failed to save embedding for item 286: 'str' object is not callable
2025-10-17 07:25:24,340 - ERROR - Failed to save embedding for item 270: 'str' object is not callable
2025-10-17 07:25:24,341 - ERROR - Failed to save embedding for item 281: 'str' object is not callable
2025-10-17 07:25:25,189 - ERROR - Failed to save embedding for item 313: 'str' object is not callable
2025-10-17 07:25:25,189 - ERROR - Failed to save embedding for item 314: 'str' object is not callable
2025-10-17 07:25:25,190 - ERROR - Failed to save embedding for item 274: 'str' object is not callable
2025-10-17 07:25:25,190 - ERROR - Failed to save embedding for item 316: 'str' object is not callable
2025-10-17 07:25:25,191 - ERROR - Failed to save embedding for item 317: 'str' object is not callable
2025-10-17 07:25:25,191 - ERROR - Failed to save embedding for item 318: 'str' object is not callable
2025-10-17 07:25:25,191 - ERROR - Failed to save embedding for item 319: 'str' object is not callable
2025-10-17 07:25:25,192 - ERROR - Failed to save embedding for item 315: 'str' object is not callable
2025-10-17 07:25:25,192 - ERROR - Failed to save embedding for item 272: 'str' object is not callable
2025-10-17 07:25:25,193 - ERROR - Failed to save embedding for item 321: 'str' object is not callable
2025-10-17 07:25:25,193 - ERROR - Failed to save embedding for item 322: 'str' object is not callable
2025-10-17 07:25:25,193 - ERROR - Failed to save embedding for item 323: 'str' object is not callable
2025-10-17 07:25:25,194 - ERROR - Failed to save embedding for item 231: 'str' object is not callable
2025-10-17 07:25:25,194 - ERROR - Failed to save embedding for item 234: 'str' object is not callable
2025-10-17 07:25:25,195 - ERROR - Failed to save embedding for item 235: 'str' object is not callable
2025-10-17 07:25:25,195 - ERROR - Failed to save embedding for item 324: 'str' object is not callable
2025-10-17 07:25:25,196 - ERROR - Failed to save embedding for item 325: 'str' object is not callable
2025-10-17 07:25:25,196 - ERROR - Failed to save embedding for item 326: 'str' object is not callable
2025-10-17 07:25:25,196 - ERROR - Failed to save embedding for item 327: 'str' object is not callable
2025-10-17 07:25:25,197 - ERROR - Failed to save embedding for item 328: 'str' object is not callable
2025-10-17 07:25:25,197 - ERROR - Failed to save embedding for item 329: 'str' object is not callable
2025-10-17 07:25:25,198 - ERROR - Failed to save embedding for item 330: 'str' object is not callable
2025-10-17 07:25:25,198 - ERROR - Failed to save embedding for item 331: 'str' object is not callable
2025-10-17 07:25:25,198 - ERROR - Failed to save embedding for item 332: 'str' object is not callable
2025-10-17 07:25:25,199 - ERROR - Failed to save embedding for item 333: 'str' object is not callable
2025-10-17 07:25:25,199 - ERROR - Failed to save embedding for item 334: 'str' object is not callable
2025-10-17 07:25:25,200 - ERROR - Failed to save embedding for item 335: 'str' object is not callable
2025-10-17 07:25:25,200 - ERROR - Failed to save embedding for item 336: 'str' object is not callable
2025-10-17 07:25:25,200 - ERROR - Failed to save embedding for item 337: 'str' object is not callable
2025-10-17 07:25:25,201 - ERROR - Failed to save embedding for item 338: 'str' object is not callable
2025-10-17 07:25:25,201 - ERROR - Failed to save embedding for item 339: 'str' object is not callable
2025-10-17 07:25:25,202 - ERROR - Failed to save embedding for item 340: 'str' object is not callable
2025-10-17 07:25:25,202 - ERROR - Failed to save embedding for item 341: 'str' object is not callable
2025-10-17 07:25:25,203 - ERROR - Failed to save embedding for item 342: 'str' object is not callable
2025-10-17 07:25:25,203 - ERROR - Failed to save embedding for item 343: 'str' object is not callable
2025-10-17 07:25:25,203 - ERROR - Failed to save embedding for item 344: 'str' object is not callable
2025-10-17 07:25:25,204 - ERROR - Failed to save embedding for item 345: 'str' object is not callable
2025-10-17 07:25:25,204 - ERROR - Failed to save embedding for item 346: 'str' object is not callable
2025-10-17 07:25:25,205 - ERROR - Failed to save embedding for item 347: 'str' object is not callable
2025-10-17 07:25:25,205 - ERROR - Failed to save embedding for item 348: 'str' object is not callable
2025-10-17 07:25:25,205 - ERROR - Failed to save embedding for item 349: 'str' object is not callable
2025-10-17 07:25:25,206 - ERROR - Failed to save embedding for item 350: 'str' object is not callable
2025-10-17 07:25:25,206 - ERROR - Failed to save embedding for item 351: 'str' object is not callable
2025-10-17 07:25:25,207 - ERROR - Failed to save embedding for item 352: 'str' object is not callable
2025-10-17 07:25:25,207 - ERROR - Failed to save embedding for item 353: 'str' object is not callable
2025-10-17 07:25:25,207 - ERROR - Failed to save embedding for item 354: 'str' object is not callable
2025-10-17 07:25:25,208 - ERROR - Failed to save embedding for item 355: 'str' object is not callable
2025-10-17 07:25:25,208 - ERROR - Failed to save embedding for item 356: 'str' object is not callable
2025-10-17 07:25:25,209 - ERROR - Failed to save embedding for item 357: 'str' object is not callable
2025-10-17 07:25:25,209 - ERROR - Failed to save embedding for item 358: 'str' object is not callable
2025-10-17 07:25:26,113 - ERROR - Failed to save embedding for item 282: 'str' object is not callable
2025-10-17 07:25:26,113 - ERROR - Failed to save embedding for item 359: 'str' object is not callable
2025-10-17 07:25:26,114 - ERROR - Failed to save embedding for item 360: 'str' object is not callable
2025-10-17 07:25:26,114 - ERROR - Failed to save embedding for item 361: 'str' object is not callable
2025-10-17 07:25:26,114 - ERROR - Failed to save embedding for item 362: 'str' object is not callable
2025-10-17 07:25:26,115 - ERROR - Failed to save embedding for item 363: 'str' object is not callable
2025-10-17 07:25:26,115 - ERROR - Failed to save embedding for item 365: 'str' object is not callable
2025-10-17 07:25:26,115 - ERROR - Failed to save embedding for item 366: 'str' object is not callable
2025-10-17 07:25:26,115 - ERROR - Failed to save embedding for item 42: 'str' object is not callable
2025-10-17 07:25:26,116 - ERROR - Failed to save embedding for item 367: 'str' object is not callable
2025-10-17 07:25:26,116 - ERROR - Failed to save embedding for item 368: 'str' object is not callable
2025-10-17 07:25:26,116 - ERROR - Failed to save embedding for item 369: 'str' object is not callable
2025-10-17 07:25:26,117 - ERROR - Failed to save embedding for item 370: 'str' object is not callable
2025-10-17 07:25:26,117 - ERROR - Failed to save embedding for item 371: 'str' object is not callable
2025-10-17 07:25:26,117 - ERROR - Failed to save embedding for item 372: 'str' object is not callable
2025-10-17 07:25:26,117 - ERROR - Failed to save embedding for item 373: 'str' object is not callable
2025-10-17 07:25:26,118 - ERROR - Failed to save embedding for item 374: 'str' object is not callable
2025-10-17 07:25:26,118 - ERROR - Failed to save embedding for item 375: 'str' object is not callable
2025-10-17 07:25:26,118 - ERROR - Failed to save embedding for item 376: 'str' object is not callable
2025-10-17 07:25:26,118 - ERROR - Failed to save embedding for item 377: 'str' object is not callable
2025-10-17 07:25:26,119 - ERROR - Failed to save embedding for item 378: 'str' object is not callable
2025-10-17 07:25:26,119 - ERROR - Failed to save embedding for item 379: 'str' object is not callable
2025-10-17 07:25:26,119 - ERROR - Failed to save embedding for item 162: 'str' object is not callable
2025-10-17 07:25:26,120 - ERROR - Failed to save embedding for item 380: 'str' object is not callable
2025-10-17 07:25:26,120 - ERROR - Failed to save embedding for item 381: 'str' object is not callable
2025-10-17 07:25:26,120 - ERROR - Failed to save embedding for item 382: 'str' object is not callable
2025-10-17 07:25:26,121 - ERROR - Failed to save embedding for item 383: 'str' object is not callable
2025-10-17 07:25:26,121 - ERROR - Failed to save embedding for item 384: 'str' object is not callable
2025-10-17 07:25:26,121 - ERROR - Failed to save embedding for item 385: 'str' object is not callable
2025-10-17 07:25:26,121 - ERROR - Failed to save embedding for item 386: 'str' object is not callable
2025-10-17 07:25:26,122 - ERROR - Failed to save embedding for item 168: 'str' object is not callable
2025-10-17 07:25:26,122 - ERROR - Failed to save embedding for item 387: 'str' object is not callable
2025-10-17 07:25:26,122 - ERROR - Failed to save embedding for item 388: 'str' object is not callable
2025-10-17 07:25:26,122 - ERROR - Failed to save embedding for item 389: 'str' object is not callable
2025-10-17 07:25:26,123 - ERROR - Failed to save embedding for item 390: 'str' object is not callable
2025-10-17 07:25:26,123 - ERROR - Failed to save embedding for item 44: 'str' object is not callable
2025-10-17 07:25:26,123 - ERROR - Failed to save embedding for item 391: 'str' object is not callable
2025-10-17 07:25:26,123 - ERROR - Failed to save embedding for item 392: 'str' object is not callable
2025-10-17 07:25:26,124 - ERROR - Failed to save embedding for item 364: 'str' object is not callable
2025-10-17 07:25:26,124 - ERROR - Failed to save embedding for item 393: 'str' object is not callable
2025-10-17 07:25:26,124 - ERROR - Failed to save embedding for item 394: 'str' object is not callable
2025-10-17 07:25:26,125 - ERROR - Failed to save embedding for item 395: 'str' object is not callable
2025-10-17 07:25:26,125 - ERROR - Failed to save embedding for item 396: 'str' object is not callable
2025-10-17 07:25:26,125 - ERROR - Failed to save embedding for item 397: 'str' object is not callable
2025-10-17 07:25:26,125 - ERROR - Failed to save embedding for item 398: 'str' object is not callable
2025-10-17 07:25:26,126 - ERROR - Failed to save embedding for item 399: 'str' object is not callable
2025-10-17 07:25:26,126 - ERROR - Failed to save embedding for item 37: 'str' object is not callable
2025-10-17 07:25:26,126 - ERROR - Failed to save embedding for item 400: 'str' object is not callable
2025-10-17 07:25:26,126 - ERROR - Failed to save embedding for item 401: 'str' object is not callable
2025-10-17 07:25:26,127 - ERROR - Failed to save embedding for item 402: 'str' object is not callable
2025-10-17 07:25:27,170 - ERROR - Failed to save embedding for item 403: 'str' object is not callable
2025-10-17 07:25:27,171 - ERROR - Failed to save embedding for item 404: 'str' object is not callable
2025-10-17 07:25:27,171 - ERROR - Failed to save embedding for item 405: 'str' object is not callable
2025-10-17 07:25:27,172 - ERROR - Failed to save embedding for item 406: 'str' object is not callable
2025-10-17 07:25:27,172 - ERROR - Failed to save embedding for item 408: 'str' object is not callable
2025-10-17 07:25:27,172 - ERROR - Failed to save embedding for item 407: 'str' object is not callable
2025-10-17 07:25:27,173 - ERROR - Failed to save embedding for item 409: 'str' object is not callable
2025-10-17 07:25:27,173 - ERROR - Failed to save embedding for item 27: 'str' object is not callable
2025-10-17 07:25:27,174 - ERROR - Failed to save embedding for item 2331: 'str' object is not callable
2025-10-17 07:25:27,174 - ERROR - Failed to save embedding for item 410: 'str' object is not callable
2025-10-17 07:25:27,174 - ERROR - Failed to save embedding for item 411: 'str' object is not callable
2025-10-17 07:25:27,175 - ERROR - Failed to save embedding for item 412: 'str' object is not callable
2025-10-17 07:25:27,175 - ERROR - Failed to save embedding for item 413: 'str' object is not callable
2025-10-17 07:25:27,176 - ERROR - Failed to save embedding for item 414: 'str' object is not callable
2025-10-17 07:25:27,176 - ERROR - Failed to save embedding for item 415: 'str' object is not callable
2025-10-17 07:25:27,176 - ERROR - Failed to save embedding for item 416: 'str' object is not callable
2025-10-17 07:25:27,177 - ERROR - Failed to save embedding for item 417: 'str' object is not callable
2025-10-17 07:25:27,177 - ERROR - Failed to save embedding for item 418: 'str' object is not callable
2025-10-17 07:25:27,178 - ERROR - Failed to save embedding for item 419: 'str' object is not callable
2025-10-17 07:25:27,178 - ERROR - Failed to save embedding for item 420: 'str' object is not callable
2025-10-17 07:25:27,178 - ERROR - Failed to save embedding for item 421: 'str' object is not callable
2025-10-17 07:25:27,179 - ERROR - Failed to save embedding for item 422: 'str' object is not callable
2025-10-17 07:25:27,179 - ERROR - Failed to save embedding for item 423: 'str' object is not callable
2025-10-17 07:25:27,180 - ERROR - Failed to save embedding for item 424: 'str' object is not callable
2025-10-17 07:25:27,180 - ERROR - Failed to save embedding for item 425: 'str' object is not callable
2025-10-17 07:25:27,180 - ERROR - Failed to save embedding for item 426: 'str' object is not callable
2025-10-17 07:25:27,181 - ERROR - Failed to save embedding for item 427: 'str' object is not callable
2025-10-17 07:25:27,181 - ERROR - Failed to save embedding for item 428: 'str' object is not callable
2025-10-17 07:25:27,182 - ERROR - Failed to save embedding for item 429: 'str' object is not callable
2025-10-17 07:25:27,182 - ERROR - Failed to save embedding for item 430: 'str' object is not callable
2025-10-17 07:25:27,182 - ERROR - Failed to save embedding for item 431: 'str' object is not callable
2025-10-17 07:25:27,183 - ERROR - Failed to save embedding for item 432: 'str' object is not callable
2025-10-17 07:25:27,183 - ERROR - Failed to save embedding for item 433: 'str' object is not callable
2025-10-17 07:25:27,184 - ERROR - Failed to save embedding for item 434: 'str' object is not callable
2025-10-17 07:25:27,184 - ERROR - Failed to save embedding for item 435: 'str' object is not callable
2025-10-17 07:25:27,185 - ERROR - Failed to save embedding for item 436: 'str' object is not callable
2025-10-17 07:25:27,185 - ERROR - Failed to save embedding for item 437: 'str' object is not callable
2025-10-17 07:25:27,185 - ERROR - Failed to save embedding for item 438: 'str' object is not callable
2025-10-17 07:25:27,186 - ERROR - Failed to save embedding for item 439: 'str' object is not callable
2025-10-17 07:25:27,186 - ERROR - Failed to save embedding for item 440: 'str' object is not callable
2025-10-17 07:25:27,187 - ERROR - Failed to save embedding for item 441: 'str' object is not callable
2025-10-17 07:25:27,187 - ERROR - Failed to save embedding for item 442: 'str' object is not callable
2025-10-17 07:25:27,187 - ERROR - Failed to save embedding for item 443: 'str' object is not callable
2025-10-17 07:25:27,188 - ERROR - Failed to save embedding for item 444: 'str' object is not callable
2025-10-17 07:25:27,188 - ERROR - Failed to save embedding for item 445: 'str' object is not callable
2025-10-17 07:25:27,188 - ERROR - Failed to save embedding for item 446: 'str' object is not callable
2025-10-17 07:25:27,189 - ERROR - Failed to save embedding for item 447: 'str' object is not callable
2025-10-17 07:25:27,189 - ERROR - Failed to save embedding for item 448: 'str' object is not callable
2025-10-17 07:25:27,190 - ERROR - Failed to save embedding for item 449: 'str' object is not callable
2025-10-17 07:25:27,190 - ERROR - Failed to save embedding for item 450: 'str' object is not callable
2025-10-17 07:25:28,308 - ERROR - Failed to save embedding for item 451: 'str' object is not callable
2025-10-17 07:25:28,309 - ERROR - Failed to save embedding for item 452: 'str' object is not callable
2025-10-17 07:25:28,309 - ERROR - Failed to save embedding for item 453: 'str' object is not callable
2025-10-17 07:25:28,310 - ERROR - Failed to save embedding for item 454: 'str' object is not callable
2025-10-17 07:25:28,310 - ERROR - Failed to save embedding for item 455: 'str' object is not callable
2025-10-17 07:25:28,311 - ERROR - Failed to save embedding for item 456: 'str' object is not callable
2025-10-17 07:25:28,311 - ERROR - Failed to save embedding for item 457: 'str' object is not callable
2025-10-17 07:25:28,312 - ERROR - Failed to save embedding for item 458: 'str' object is not callable
2025-10-17 07:25:28,312 - ERROR - Failed to save embedding for item 459: 'str' object is not callable
2025-10-17 07:25:28,312 - ERROR - Failed to save embedding for item 460: 'str' object is not callable
2025-10-17 07:25:28,313 - ERROR - Failed to save embedding for item 461: 'str' object is not callable
2025-10-17 07:25:28,313 - ERROR - Failed to save embedding for item 462: 'str' object is not callable
2025-10-17 07:25:28,314 - ERROR - Failed to save embedding for item 463: 'str' object is not callable
2025-10-17 07:25:28,314 - ERROR - Failed to save embedding for item 464: 'str' object is not callable
2025-10-17 07:25:28,314 - ERROR - Failed to save embedding for item 465: 'str' object is not callable
2025-10-17 07:25:28,315 - ERROR - Failed to save embedding for item 466: 'str' object is not callable
2025-10-17 07:25:28,315 - ERROR - Failed to save embedding for item 467: 'str' object is not callable
2025-10-17 07:25:28,316 - ERROR - Failed to save embedding for item 468: 'str' object is not callable
2025-10-17 07:25:28,316 - ERROR - Failed to save embedding for item 469: 'str' object is not callable
2025-10-17 07:25:28,317 - ERROR - Failed to save embedding for item 470: 'str' object is not callable
2025-10-17 07:25:28,317 - ERROR - Failed to save embedding for item 471: 'str' object is not callable
2025-10-17 07:25:28,317 - ERROR - Failed to save embedding for item 472: 'str' object is not callable
2025-10-17 07:25:28,318 - ERROR - Failed to save embedding for item 473: 'str' object is not callable
2025-10-17 07:25:28,318 - ERROR - Failed to save embedding for item 474: 'str' object is not callable
2025-10-17 07:25:28,319 - ERROR - Failed to save embedding for item 475: 'str' object is not callable
2025-10-17 07:25:28,319 - ERROR - Failed to save embedding for item 476: 'str' object is not callable
2025-10-17 07:25:28,320 - ERROR - Failed to save embedding for item 477: 'str' object is not callable
2025-10-17 07:25:28,320 - ERROR - Failed to save embedding for item 478: 'str' object is not callable
2025-10-17 07:25:28,320 - ERROR - Failed to save embedding for item 479: 'str' object is not callable
2025-10-17 07:25:28,321 - ERROR - Failed to save embedding for item 480: 'str' object is not callable
2025-10-17 07:25:28,321 - ERROR - Failed to save embedding for item 481: 'str' object is not callable
2025-10-17 07:25:28,322 - ERROR - Failed to save embedding for item 482: 'str' object is not callable
2025-10-17 07:25:28,322 - ERROR - Failed to save embedding for item 483: 'str' object is not callable
2025-10-17 07:25:28,323 - ERROR - Failed to save embedding for item 484: 'str' object is not callable
2025-10-17 07:25:28,323 - ERROR - Failed to save embedding for item 485: 'str' object is not callable
2025-10-17 07:25:28,323 - ERROR - Failed to save embedding for item 486: 'str' object is not callable
2025-10-17 07:25:28,324 - ERROR - Failed to save embedding for item 487: 'str' object is not callable
2025-10-17 07:25:28,324 - ERROR - Failed to save embedding for item 488: 'str' object is not callable
2025-10-17 07:25:28,325 - ERROR - Failed to save embedding for item 489: 'str' object is not callable
2025-10-17 07:25:28,325 - ERROR - Failed to save embedding for item 490: 'str' object is not callable
2025-10-17 07:25:28,325 - ERROR - Failed to save embedding for item 491: 'str' object is not callable
2025-10-17 07:25:28,326 - ERROR - Failed to save embedding for item 492: 'str' object is not callable
2025-10-17 07:25:28,326 - ERROR - Failed to save embedding for item 493: 'str' object is not callable
2025-10-17 07:25:28,327 - ERROR - Failed to save embedding for item 494: 'str' object is not callable
2025-10-17 07:25:28,327 - ERROR - Failed to save embedding for item 495: 'str' object is not callable
2025-10-17 07:25:28,327 - ERROR - Failed to save embedding for item 496: 'str' object is not callable
2025-10-17 07:25:28,328 - ERROR - Failed to save embedding for item 497: 'str' object is not callable
2025-10-17 07:25:28,328 - ERROR - Failed to save embedding for item 498: 'str' object is not callable
2025-10-17 07:25:28,329 - ERROR - Failed to save embedding for item 499: 'str' object is not callable
2025-10-17 07:25:28,329 - ERROR - Failed to save embedding for item 500: 'str' object is not callable
2025-10-17 07:25:28,339 - INFO - Progress: 500/2478
2025-10-17 07:25:30,135 - ERROR - Failed to save embedding for item 501: 'str' object is not callable
2025-10-17 07:25:30,136 - ERROR - Failed to save embedding for item 502: 'str' object is not callable
2025-10-17 07:25:30,136 - ERROR - Failed to save embedding for item 503: 'str' object is not callable
2025-10-17 07:25:30,136 - ERROR - Failed to save embedding for item 504: 'str' object is not callable
2025-10-17 07:25:30,137 - ERROR - Failed to save embedding for item 505: 'str' object is not callable
2025-10-17 07:25:30,137 - ERROR - Failed to save embedding for item 506: 'str' object is not callable
2025-10-17 07:25:30,137 - ERROR - Failed to save embedding for item 677: 'str' object is not callable
2025-10-17 07:25:30,138 - ERROR - Failed to save embedding for item 507: 'str' object is not callable
2025-10-17 07:25:30,138 - ERROR - Failed to save embedding for item 508: 'str' object is not callable
2025-10-17 07:25:30,138 - ERROR - Failed to save embedding for item 509: 'str' object is not callable
2025-10-17 07:25:30,138 - ERROR - Failed to save embedding for item 510: 'str' object is not callable
2025-10-17 07:25:30,139 - ERROR - Failed to save embedding for item 511: 'str' object is not callable
2025-10-17 07:25:30,139 - ERROR - Failed to save embedding for item 512: 'str' object is not callable
2025-10-17 07:25:30,139 - ERROR - Failed to save embedding for item 513: 'str' object is not callable
2025-10-17 07:25:30,139 - ERROR - Failed to save embedding for item 514: 'str' object is not callable
2025-10-17 07:25:30,140 - ERROR - Failed to save embedding for item 515: 'str' object is not callable
2025-10-17 07:25:30,140 - ERROR - Failed to save embedding for item 516: 'str' object is not callable
2025-10-17 07:25:30,140 - ERROR - Failed to save embedding for item 517: 'str' object is not callable
2025-10-17 07:25:30,141 - ERROR - Failed to save embedding for item 518: 'str' object is not callable
2025-10-17 07:25:30,141 - ERROR - Failed to save embedding for item 519: 'str' object is not callable
2025-10-17 07:25:30,141 - ERROR - Failed to save embedding for item 520: 'str' object is not callable
2025-10-17 07:25:30,142 - ERROR - Failed to save embedding for item 521: 'str' object is not callable
2025-10-17 07:25:30,142 - ERROR - Failed to save embedding for item 522: 'str' object is not callable
2025-10-17 07:25:30,142 - ERROR - Failed to save embedding for item 523: 'str' object is not callable
2025-10-17 07:25:30,142 - ERROR - Failed to save embedding for item 524: 'str' object is not callable
2025-10-17 07:25:30,143 - ERROR - Failed to save embedding for item 525: 'str' object is not callable
2025-10-17 07:25:30,143 - ERROR - Failed to save embedding for item 526: 'str' object is not callable
2025-10-17 07:25:30,143 - ERROR - Failed to save embedding for item 527: 'str' object is not callable
2025-10-17 07:25:30,143 - ERROR - Failed to save embedding for item 528: 'str' object is not callable
2025-10-17 07:25:30,144 - ERROR - Failed to save embedding for item 529: 'str' object is not callable
2025-10-17 07:25:30,144 - ERROR - Failed to save embedding for item 530: 'str' object is not callable
2025-10-17 07:25:30,144 - ERROR - Failed to save embedding for item 531: 'str' object is not callable
2025-10-17 07:25:30,145 - ERROR - Failed to save embedding for item 532: 'str' object is not callable
2025-10-17 07:25:30,145 - ERROR - Failed to save embedding for item 533: 'str' object is not callable
2025-10-17 07:25:30,145 - ERROR - Failed to save embedding for item 534: 'str' object is not callable
2025-10-17 07:25:30,145 - ERROR - Failed to save embedding for item 535: 'str' object is not callable
2025-10-17 07:25:30,146 - ERROR - Failed to save embedding for item 536: 'str' object is not callable
2025-10-17 07:25:30,146 - ERROR - Failed to save embedding for item 537: 'str' object is not callable
2025-10-17 07:25:30,146 - ERROR - Failed to save embedding for item 538: 'str' object is not callable
2025-10-17 07:25:30,146 - ERROR - Failed to save embedding for item 539: 'str' object is not callable
2025-10-17 07:25:30,147 - ERROR - Failed to save embedding for item 540: 'str' object is not callable
2025-10-17 07:25:30,147 - ERROR - Failed to save embedding for item 541: 'str' object is not callable
2025-10-17 07:25:30,147 - ERROR - Failed to save embedding for item 542: 'str' object is not callable
2025-10-17 07:25:30,148 - ERROR - Failed to save embedding for item 543: 'str' object is not callable
2025-10-17 07:25:30,148 - ERROR - Failed to save embedding for item 544: 'str' object is not callable
2025-10-17 07:25:30,148 - ERROR - Failed to save embedding for item 545: 'str' object is not callable
2025-10-17 07:25:30,148 - ERROR - Failed to save embedding for item 546: 'str' object is not callable
2025-10-17 07:25:30,149 - ERROR - Failed to save embedding for item 547: 'str' object is not callable
2025-10-17 07:25:30,149 - ERROR - Failed to save embedding for item 548: 'str' object is not callable
2025-10-17 07:25:30,149 - ERROR - Failed to save embedding for item 549: 'str' object is not callable
2025-10-17 07:25:31,299 - ERROR - Failed to save embedding for item 550: 'str' object is not callable
2025-10-17 07:25:31,300 - ERROR - Failed to save embedding for item 551: 'str' object is not callable
2025-10-17 07:25:31,300 - ERROR - Failed to save embedding for item 552: 'str' object is not callable
2025-10-17 07:25:31,301 - ERROR - Failed to save embedding for item 553: 'str' object is not callable
2025-10-17 07:25:31,301 - ERROR - Failed to save embedding for item 554: 'str' object is not callable
2025-10-17 07:25:31,302 - ERROR - Failed to save embedding for item 555: 'str' object is not callable
2025-10-17 07:25:31,302 - ERROR - Failed to save embedding for item 556: 'str' object is not callable
2025-10-17 07:25:31,302 - ERROR - Failed to save embedding for item 557: 'str' object is not callable
2025-10-17 07:25:31,303 - ERROR - Failed to save embedding for item 558: 'str' object is not callable
2025-10-17 07:25:31,303 - ERROR - Failed to save embedding for item 559: 'str' object is not callable
2025-10-17 07:25:31,304 - ERROR - Failed to save embedding for item 560: 'str' object is not callable
2025-10-17 07:25:31,304 - ERROR - Failed to save embedding for item 561: 'str' object is not callable
2025-10-17 07:25:31,304 - ERROR - Failed to save embedding for item 562: 'str' object is not callable
2025-10-17 07:25:31,305 - ERROR - Failed to save embedding for item 645: 'str' object is not callable
2025-10-17 07:25:31,305 - ERROR - Failed to save embedding for item 563: 'str' object is not callable
2025-10-17 07:25:31,306 - ERROR - Failed to save embedding for item 564: 'str' object is not callable
2025-10-17 07:25:31,306 - ERROR - Failed to save embedding for item 565: 'str' object is not callable
2025-10-17 07:25:31,306 - ERROR - Failed to save embedding for item 566: 'str' object is not callable
2025-10-17 07:25:31,307 - ERROR - Failed to save embedding for item 567: 'str' object is not callable
2025-10-17 07:25:31,307 - ERROR - Failed to save embedding for item 568: 'str' object is not callable
2025-10-17 07:25:31,308 - ERROR - Failed to save embedding for item 569: 'str' object is not callable
2025-10-17 07:25:31,308 - ERROR - Failed to save embedding for item 570: 'str' object is not callable
2025-10-17 07:25:31,308 - ERROR - Failed to save embedding for item 571: 'str' object is not callable
2025-10-17 07:25:31,309 - ERROR - Failed to save embedding for item 572: 'str' object is not callable
2025-10-17 07:25:31,309 - ERROR - Failed to save embedding for item 573: 'str' object is not callable
2025-10-17 07:25:31,310 - ERROR - Failed to save embedding for item 574: 'str' object is not callable
2025-10-17 07:25:31,310 - ERROR - Failed to save embedding for item 575: 'str' object is not callable
2025-10-17 07:25:31,310 - ERROR - Failed to save embedding for item 576: 'str' object is not callable
2025-10-17 07:25:31,311 - ERROR - Failed to save embedding for item 577: 'str' object is not callable
2025-10-17 07:25:31,311 - ERROR - Failed to save embedding for item 578: 'str' object is not callable
2025-10-17 07:25:31,312 - ERROR - Failed to save embedding for item 579: 'str' object is not callable
2025-10-17 07:25:31,312 - ERROR - Failed to save embedding for item 580: 'str' object is not callable
2025-10-17 07:25:31,312 - ERROR - Failed to save embedding for item 581: 'str' object is not callable
2025-10-17 07:25:31,312 - ERROR - Failed to save embedding for item 582: 'str' object is not callable
2025-10-17 07:25:31,313 - ERROR - Failed to save embedding for item 583: 'str' object is not callable
2025-10-17 07:25:31,313 - ERROR - Failed to save embedding for item 584: 'str' object is not callable
2025-10-17 07:25:31,313 - ERROR - Failed to save embedding for item 585: 'str' object is not callable
2025-10-17 07:25:31,314 - ERROR - Failed to save embedding for item 586: 'str' object is not callable
2025-10-17 07:25:31,314 - ERROR - Failed to save embedding for item 587: 'str' object is not callable
2025-10-17 07:25:31,314 - ERROR - Failed to save embedding for item 588: 'str' object is not callable
2025-10-17 07:25:31,314 - ERROR - Failed to save embedding for item 589: 'str' object is not callable
2025-10-17 07:25:31,315 - ERROR - Failed to save embedding for item 2332: 'str' object is not callable
2025-10-17 07:25:31,315 - ERROR - Failed to save embedding for item 590: 'str' object is not callable
2025-10-17 07:25:31,315 - ERROR - Failed to save embedding for item 591: 'str' object is not callable
2025-10-17 07:25:31,315 - ERROR - Failed to save embedding for item 592: 'str' object is not callable
2025-10-17 07:25:31,316 - ERROR - Failed to save embedding for item 593: 'str' object is not callable
2025-10-17 07:25:31,316 - ERROR - Failed to save embedding for item 594: 'str' object is not callable
2025-10-17 07:25:31,316 - ERROR - Failed to save embedding for item 595: 'str' object is not callable
2025-10-17 07:25:31,317 - ERROR - Failed to save embedding for item 596: 'str' object is not callable
2025-10-17 07:25:31,317 - ERROR - Failed to save embedding for item 597: 'str' object is not callable
2025-10-17 07:25:32,327 - ERROR - Failed to save embedding for item 598: 'str' object is not callable
2025-10-17 07:25:32,327 - ERROR - Failed to save embedding for item 599: 'str' object is not callable
2025-10-17 07:25:32,327 - ERROR - Failed to save embedding for item 600: 'str' object is not callable
2025-10-17 07:25:32,328 - ERROR - Failed to save embedding for item 601: 'str' object is not callable
2025-10-17 07:25:32,328 - ERROR - Failed to save embedding for item 602: 'str' object is not callable
2025-10-17 07:25:32,328 - ERROR - Failed to save embedding for item 603: 'str' object is not callable
2025-10-17 07:25:32,329 - ERROR - Failed to save embedding for item 604: 'str' object is not callable
2025-10-17 07:25:32,329 - ERROR - Failed to save embedding for item 605: 'str' object is not callable
2025-10-17 07:25:32,329 - ERROR - Failed to save embedding for item 606: 'str' object is not callable
2025-10-17 07:25:32,329 - ERROR - Failed to save embedding for item 607: 'str' object is not callable
2025-10-17 07:25:32,330 - ERROR - Failed to save embedding for item 608: 'str' object is not callable
2025-10-17 07:25:32,330 - ERROR - Failed to save embedding for item 609: 'str' object is not callable
2025-10-17 07:25:32,330 - ERROR - Failed to save embedding for item 610: 'str' object is not callable
2025-10-17 07:25:32,331 - ERROR - Failed to save embedding for item 611: 'str' object is not callable
2025-10-17 07:25:32,331 - ERROR - Failed to save embedding for item 612: 'str' object is not callable
2025-10-17 07:25:32,331 - ERROR - Failed to save embedding for item 613: 'str' object is not callable
2025-10-17 07:25:32,331 - ERROR - Failed to save embedding for item 614: 'str' object is not callable
2025-10-17 07:25:32,332 - ERROR - Failed to save embedding for item 615: 'str' object is not callable
2025-10-17 07:25:32,332 - ERROR - Failed to save embedding for item 616: 'str' object is not callable
2025-10-17 07:25:32,332 - ERROR - Failed to save embedding for item 617: 'str' object is not callable
2025-10-17 07:25:32,332 - ERROR - Failed to save embedding for item 618: 'str' object is not callable
2025-10-17 07:25:32,333 - ERROR - Failed to save embedding for item 619: 'str' object is not callable
2025-10-17 07:25:32,333 - ERROR - Failed to save embedding for item 620: 'str' object is not callable
2025-10-17 07:25:32,334 - ERROR - Failed to save embedding for item 621: 'str' object is not callable
2025-10-17 07:25:32,334 - ERROR - Failed to save embedding for item 622: 'str' object is not callable
2025-10-17 07:25:32,334 - ERROR - Failed to save embedding for item 623: 'str' object is not callable
2025-10-17 07:25:32,335 - ERROR - Failed to save embedding for item 624: 'str' object is not callable
2025-10-17 07:25:32,335 - ERROR - Failed to save embedding for item 625: 'str' object is not callable
2025-10-17 07:25:32,336 - ERROR - Failed to save embedding for item 626: 'str' object is not callable
2025-10-17 07:25:32,336 - ERROR - Failed to save embedding for item 627: 'str' object is not callable
2025-10-17 07:25:32,337 - ERROR - Failed to save embedding for item 628: 'str' object is not callable
2025-10-17 07:25:32,337 - ERROR - Failed to save embedding for item 629: 'str' object is not callable
2025-10-17 07:25:32,337 - ERROR - Failed to save embedding for item 630: 'str' object is not callable
2025-10-17 07:25:32,338 - ERROR - Failed to save embedding for item 631: 'str' object is not callable
2025-10-17 07:25:32,338 - ERROR - Failed to save embedding for item 632: 'str' object is not callable
2025-10-17 07:25:32,339 - ERROR - Failed to save embedding for item 633: 'str' object is not callable
2025-10-17 07:25:32,339 - ERROR - Failed to save embedding for item 634: 'str' object is not callable
2025-10-17 07:25:32,339 - ERROR - Failed to save embedding for item 635: 'str' object is not callable
2025-10-17 07:25:32,340 - ERROR - Failed to save embedding for item 636: 'str' object is not callable
2025-10-17 07:25:32,340 - ERROR - Failed to save embedding for item 637: 'str' object is not callable
2025-10-17 07:25:32,341 - ERROR - Failed to save embedding for item 638: 'str' object is not callable
2025-10-17 07:25:32,341 - ERROR - Failed to save embedding for item 644: 'str' object is not callable
2025-10-17 07:25:32,342 - ERROR - Failed to save embedding for item 648: 'str' object is not callable
2025-10-17 07:25:32,342 - ERROR - Failed to save embedding for item 649: 'str' object is not callable
2025-10-17 07:25:32,342 - ERROR - Failed to save embedding for item 650: 'str' object is not callable
2025-10-17 07:25:32,343 - ERROR - Failed to save embedding for item 651: 'str' object is not callable
2025-10-17 07:25:32,343 - ERROR - Failed to save embedding for item 653: 'str' object is not callable
2025-10-17 07:25:32,344 - ERROR - Failed to save embedding for item 654: 'str' object is not callable
2025-10-17 07:25:32,344 - ERROR - Failed to save embedding for item 655: 'str' object is not callable
2025-10-17 07:25:32,344 - ERROR - Failed to save embedding for item 656: 'str' object is not callable
2025-10-17 07:25:33,273 - ERROR - Failed to save embedding for item 657: 'str' object is not callable
2025-10-17 07:25:33,273 - ERROR - Failed to save embedding for item 658: 'str' object is not callable
2025-10-17 07:25:33,274 - ERROR - Failed to save embedding for item 659: 'str' object is not callable
2025-10-17 07:25:33,274 - ERROR - Failed to save embedding for item 660: 'str' object is not callable
2025-10-17 07:25:33,274 - ERROR - Failed to save embedding for item 661: 'str' object is not callable
2025-10-17 07:25:33,275 - ERROR - Failed to save embedding for item 662: 'str' object is not callable
2025-10-17 07:25:33,275 - ERROR - Failed to save embedding for item 663: 'str' object is not callable
2025-10-17 07:25:33,275 - ERROR - Failed to save embedding for item 664: 'str' object is not callable
2025-10-17 07:25:33,275 - ERROR - Failed to save embedding for item 665: 'str' object is not callable
2025-10-17 07:25:33,276 - ERROR - Failed to save embedding for item 666: 'str' object is not callable
2025-10-17 07:25:33,276 - ERROR - Failed to save embedding for item 667: 'str' object is not callable
2025-10-17 07:25:33,276 - ERROR - Failed to save embedding for item 668: 'str' object is not callable
2025-10-17 07:25:33,276 - ERROR - Failed to save embedding for item 669: 'str' object is not callable
2025-10-17 07:25:33,277 - ERROR - Failed to save embedding for item 639: 'str' object is not callable
2025-10-17 07:25:33,277 - ERROR - Failed to save embedding for item 641: 'str' object is not callable
2025-10-17 07:25:33,277 - ERROR - Failed to save embedding for item 642: 'str' object is not callable
2025-10-17 07:25:33,278 - ERROR - Failed to save embedding for item 643: 'str' object is not callable
2025-10-17 07:25:33,278 - ERROR - Failed to save embedding for item 670: 'str' object is not callable
2025-10-17 07:25:33,278 - ERROR - Failed to save embedding for item 671: 'str' object is not callable
2025-10-17 07:25:33,278 - ERROR - Failed to save embedding for item 672: 'str' object is not callable
2025-10-17 07:25:33,279 - ERROR - Failed to save embedding for item 673: 'str' object is not callable
2025-10-17 07:25:33,279 - ERROR - Failed to save embedding for item 674: 'str' object is not callable
2025-10-17 07:25:33,279 - ERROR - Failed to save embedding for item 675: 'str' object is not callable
2025-10-17 07:25:33,279 - ERROR - Failed to save embedding for item 676: 'str' object is not callable
2025-10-17 07:25:33,280 - ERROR - Failed to save embedding for item 646: 'str' object is not callable
2025-10-17 07:25:33,280 - ERROR - Failed to save embedding for item 678: 'str' object is not callable
2025-10-17 07:25:33,280 - ERROR - Failed to save embedding for item 647: 'str' object is not callable
2025-10-17 07:25:33,281 - ERROR - Failed to save embedding for item 679: 'str' object is not callable
2025-10-17 07:25:33,281 - ERROR - Failed to save embedding for item 652: 'str' object is not callable
2025-10-17 07:25:33,281 - ERROR - Failed to save embedding for item 680: 'str' object is not callable
2025-10-17 07:25:33,281 - ERROR - Failed to save embedding for item 681: 'str' object is not callable
2025-10-17 07:25:33,282 - ERROR - Failed to save embedding for item 682: 'str' object is not callable
2025-10-17 07:25:33,282 - ERROR - Failed to save embedding for item 683: 'str' object is not callable
2025-10-17 07:25:33,282 - ERROR - Failed to save embedding for item 684: 'str' object is not callable
2025-10-17 07:25:33,282 - ERROR - Failed to save embedding for item 685: 'str' object is not callable
2025-10-17 07:25:33,283 - ERROR - Failed to save embedding for item 686: 'str' object is not callable
2025-10-17 07:25:33,283 - ERROR - Failed to save embedding for item 687: 'str' object is not callable
2025-10-17 07:25:33,283 - ERROR - Failed to save embedding for item 688: 'str' object is not callable
2025-10-17 07:25:33,284 - ERROR - Failed to save embedding for item 689: 'str' object is not callable
2025-10-17 07:25:33,284 - ERROR - Failed to save embedding for item 690: 'str' object is not callable
2025-10-17 07:25:33,284 - ERROR - Failed to save embedding for item 691: 'str' object is not callable
2025-10-17 07:25:33,284 - ERROR - Failed to save embedding for item 692: 'str' object is not callable
2025-10-17 07:25:33,285 - ERROR - Failed to save embedding for item 693: 'str' object is not callable
2025-10-17 07:25:33,285 - ERROR - Failed to save embedding for item 694: 'str' object is not callable
2025-10-17 07:25:33,285 - ERROR - Failed to save embedding for item 695: 'str' object is not callable
2025-10-17 07:25:33,285 - ERROR - Failed to save embedding for item 696: 'str' object is not callable
2025-10-17 07:25:33,286 - ERROR - Failed to save embedding for item 697: 'str' object is not callable
2025-10-17 07:25:33,286 - ERROR - Failed to save embedding for item 698: 'str' object is not callable
2025-10-17 07:25:33,286 - ERROR - Failed to save embedding for item 699: 'str' object is not callable
2025-10-17 07:25:33,287 - ERROR - Failed to save embedding for item 700: 'str' object is not callable
2025-10-17 07:25:34,427 - ERROR - Failed to save embedding for item 701: 'str' object is not callable
2025-10-17 07:25:34,427 - ERROR - Failed to save embedding for item 702: 'str' object is not callable
2025-10-17 07:25:34,427 - ERROR - Failed to save embedding for item 703: 'str' object is not callable
2025-10-17 07:25:34,428 - ERROR - Failed to save embedding for item 704: 'str' object is not callable
2025-10-17 07:25:34,428 - ERROR - Failed to save embedding for item 705: 'str' object is not callable
2025-10-17 07:25:34,428 - ERROR - Failed to save embedding for item 706: 'str' object is not callable
2025-10-17 07:25:34,428 - ERROR - Failed to save embedding for item 707: 'str' object is not callable
2025-10-17 07:25:34,429 - ERROR - Failed to save embedding for item 708: 'str' object is not callable
2025-10-17 07:25:34,429 - ERROR - Failed to save embedding for item 709: 'str' object is not callable
2025-10-17 07:25:34,429 - ERROR - Failed to save embedding for item 710: 'str' object is not callable
2025-10-17 07:25:34,430 - ERROR - Failed to save embedding for item 711: 'str' object is not callable
2025-10-17 07:25:34,430 - ERROR - Failed to save embedding for item 712: 'str' object is not callable
2025-10-17 07:25:34,430 - ERROR - Failed to save embedding for item 713: 'str' object is not callable
2025-10-17 07:25:34,430 - ERROR - Failed to save embedding for item 714: 'str' object is not callable
2025-10-17 07:25:34,431 - ERROR - Failed to save embedding for item 715: 'str' object is not callable
2025-10-17 07:25:34,431 - ERROR - Failed to save embedding for item 716: 'str' object is not callable
2025-10-17 07:25:34,432 - ERROR - Failed to save embedding for item 717: 'str' object is not callable
2025-10-17 07:25:34,432 - ERROR - Failed to save embedding for item 718: 'str' object is not callable
2025-10-17 07:25:34,433 - ERROR - Failed to save embedding for item 719: 'str' object is not callable
2025-10-17 07:25:34,433 - ERROR - Failed to save embedding for item 720: 'str' object is not callable
2025-10-17 07:25:34,434 - ERROR - Failed to save embedding for item 721: 'str' object is not callable
2025-10-17 07:25:34,434 - ERROR - Failed to save embedding for item 722: 'str' object is not callable
2025-10-17 07:25:34,434 - ERROR - Failed to save embedding for item 723: 'str' object is not callable
2025-10-17 07:25:34,435 - ERROR - Failed to save embedding for item 724: 'str' object is not callable
2025-10-17 07:25:34,435 - ERROR - Failed to save embedding for item 725: 'str' object is not callable
2025-10-17 07:25:34,436 - ERROR - Failed to save embedding for item 727: 'str' object is not callable
2025-10-17 07:25:34,436 - ERROR - Failed to save embedding for item 728: 'str' object is not callable
2025-10-17 07:25:34,437 - ERROR - Failed to save embedding for item 726: 'str' object is not callable
2025-10-17 07:25:34,437 - ERROR - Failed to save embedding for item 729: 'str' object is not callable
2025-10-17 07:25:34,438 - ERROR - Failed to save embedding for item 730: 'str' object is not callable
2025-10-17 07:25:34,438 - ERROR - Failed to save embedding for item 731: 'str' object is not callable
2025-10-17 07:25:34,438 - ERROR - Failed to save embedding for item 732: 'str' object is not callable
2025-10-17 07:25:34,439 - ERROR - Failed to save embedding for item 733: 'str' object is not callable
2025-10-17 07:25:34,439 - ERROR - Failed to save embedding for item 734: 'str' object is not callable
2025-10-17 07:25:34,440 - ERROR - Failed to save embedding for item 735: 'str' object is not callable
2025-10-17 07:25:34,440 - ERROR - Failed to save embedding for item 736: 'str' object is not callable
2025-10-17 07:25:34,441 - ERROR - Failed to save embedding for item 737: 'str' object is not callable
2025-10-17 07:25:34,441 - ERROR - Failed to save embedding for item 738: 'str' object is not callable
2025-10-17 07:25:34,442 - ERROR - Failed to save embedding for item 739: 'str' object is not callable
2025-10-17 07:25:34,442 - ERROR - Failed to save embedding for item 740: 'str' object is not callable
2025-10-17 07:25:34,442 - ERROR - Failed to save embedding for item 741: 'str' object is not callable
2025-10-17 07:25:34,443 - ERROR - Failed to save embedding for item 742: 'str' object is not callable
2025-10-17 07:25:34,443 - ERROR - Failed to save embedding for item 743: 'str' object is not callable
2025-10-17 07:25:34,444 - ERROR - Failed to save embedding for item 744: 'str' object is not callable
2025-10-17 07:25:34,444 - ERROR - Failed to save embedding for item 745: 'str' object is not callable
2025-10-17 07:25:34,445 - ERROR - Failed to save embedding for item 746: 'str' object is not callable
2025-10-17 07:25:34,445 - ERROR - Failed to save embedding for item 747: 'str' object is not callable
2025-10-17 07:25:34,446 - ERROR - Failed to save embedding for item 748: 'str' object is not callable
2025-10-17 07:25:34,446 - ERROR - Failed to save embedding for item 749: 'str' object is not callable
2025-10-17 07:25:34,446 - ERROR - Failed to save embedding for item 750: 'str' object is not callable
2025-10-17 07:25:35,508 - ERROR - Failed to save embedding for item 751: 'str' object is not callable
2025-10-17 07:25:35,509 - ERROR - Failed to save embedding for item 752: 'str' object is not callable
2025-10-17 07:25:35,509 - ERROR - Failed to save embedding for item 753: 'str' object is not callable
2025-10-17 07:25:35,510 - ERROR - Failed to save embedding for item 754: 'str' object is not callable
2025-10-17 07:25:35,510 - ERROR - Failed to save embedding for item 756: 'str' object is not callable
2025-10-17 07:25:35,510 - ERROR - Failed to save embedding for item 757: 'str' object is not callable
2025-10-17 07:25:35,511 - ERROR - Failed to save embedding for item 755: 'str' object is not callable
2025-10-17 07:25:35,511 - ERROR - Failed to save embedding for item 758: 'str' object is not callable
2025-10-17 07:25:35,512 - ERROR - Failed to save embedding for item 759: 'str' object is not callable
2025-10-17 07:25:35,512 - ERROR - Failed to save embedding for item 760: 'str' object is not callable
2025-10-17 07:25:35,512 - ERROR - Failed to save embedding for item 761: 'str' object is not callable
2025-10-17 07:25:35,513 - ERROR - Failed to save embedding for item 762: 'str' object is not callable
2025-10-17 07:25:35,513 - ERROR - Failed to save embedding for item 763: 'str' object is not callable
2025-10-17 07:25:35,513 - ERROR - Failed to save embedding for item 764: 'str' object is not callable
2025-10-17 07:25:35,513 - ERROR - Failed to save embedding for item 765: 'str' object is not callable
2025-10-17 07:25:35,514 - ERROR - Failed to save embedding for item 766: 'str' object is not callable
2025-10-17 07:25:35,514 - ERROR - Failed to save embedding for item 767: 'str' object is not callable
2025-10-17 07:25:35,514 - ERROR - Failed to save embedding for item 768: 'str' object is not callable
2025-10-17 07:25:35,514 - ERROR - Failed to save embedding for item 769: 'str' object is not callable
2025-10-17 07:25:35,515 - ERROR - Failed to save embedding for item 770: 'str' object is not callable
2025-10-17 07:25:35,515 - ERROR - Failed to save embedding for item 771: 'str' object is not callable
2025-10-17 07:25:35,515 - ERROR - Failed to save embedding for item 772: 'str' object is not callable
2025-10-17 07:25:35,516 - ERROR - Failed to save embedding for item 773: 'str' object is not callable
2025-10-17 07:25:35,516 - ERROR - Failed to save embedding for item 774: 'str' object is not callable
2025-10-17 07:25:35,516 - ERROR - Failed to save embedding for item 775: 'str' object is not callable
2025-10-17 07:25:35,516 - ERROR - Failed to save embedding for item 776: 'str' object is not callable
2025-10-17 07:25:35,517 - ERROR - Failed to save embedding for item 777: 'str' object is not callable
2025-10-17 07:25:35,517 - ERROR - Failed to save embedding for item 778: 'str' object is not callable
2025-10-17 07:25:35,517 - ERROR - Failed to save embedding for item 779: 'str' object is not callable
2025-10-17 07:25:35,517 - ERROR - Failed to save embedding for item 2333: 'str' object is not callable
2025-10-17 07:25:35,518 - ERROR - Failed to save embedding for item 780: 'str' object is not callable
2025-10-17 07:25:35,518 - ERROR - Failed to save embedding for item 781: 'str' object is not callable
2025-10-17 07:25:35,519 - ERROR - Failed to save embedding for item 782: 'str' object is not callable
2025-10-17 07:25:35,519 - ERROR - Failed to save embedding for item 783: 'str' object is not callable
2025-10-17 07:25:35,519 - ERROR - Failed to save embedding for item 784: 'str' object is not callable
2025-10-17 07:25:35,520 - ERROR - Failed to save embedding for item 785: 'str' object is not callable
2025-10-17 07:25:35,520 - ERROR - Failed to save embedding for item 786: 'str' object is not callable
2025-10-17 07:25:35,521 - ERROR - Failed to save embedding for item 787: 'str' object is not callable
2025-10-17 07:25:35,521 - ERROR - Failed to save embedding for item 788: 'str' object is not callable
2025-10-17 07:25:35,522 - ERROR - Failed to save embedding for item 789: 'str' object is not callable
2025-10-17 07:25:35,522 - ERROR - Failed to save embedding for item 790: 'str' object is not callable
2025-10-17 07:25:35,522 - ERROR - Failed to save embedding for item 791: 'str' object is not callable
2025-10-17 07:25:35,523 - ERROR - Failed to save embedding for item 792: 'str' object is not callable
2025-10-17 07:25:35,523 - ERROR - Failed to save embedding for item 793: 'str' object is not callable
2025-10-17 07:25:35,524 - ERROR - Failed to save embedding for item 794: 'str' object is not callable
2025-10-17 07:25:35,524 - ERROR - Failed to save embedding for item 795: 'str' object is not callable
2025-10-17 07:25:35,524 - ERROR - Failed to save embedding for item 796: 'str' object is not callable
2025-10-17 07:25:35,525 - ERROR - Failed to save embedding for item 797: 'str' object is not callable
2025-10-17 07:25:35,525 - ERROR - Failed to save embedding for item 798: 'str' object is not callable
2025-10-17 07:25:35,525 - ERROR - Failed to save embedding for item 799: 'str' object is not callable
2025-10-17 07:25:36,689 - ERROR - Failed to save embedding for item 800: 'str' object is not callable
2025-10-17 07:25:36,689 - ERROR - Failed to save embedding for item 801: 'str' object is not callable
2025-10-17 07:25:36,690 - ERROR - Failed to save embedding for item 802: 'str' object is not callable
2025-10-17 07:25:36,690 - ERROR - Failed to save embedding for item 803: 'str' object is not callable
2025-10-17 07:25:36,690 - ERROR - Failed to save embedding for item 804: 'str' object is not callable
2025-10-17 07:25:36,690 - ERROR - Failed to save embedding for item 805: 'str' object is not callable
2025-10-17 07:25:36,691 - ERROR - Failed to save embedding for item 806: 'str' object is not callable
2025-10-17 07:25:36,691 - ERROR - Failed to save embedding for item 807: 'str' object is not callable
2025-10-17 07:25:36,691 - ERROR - Failed to save embedding for item 808: 'str' object is not callable
2025-10-17 07:25:36,691 - ERROR - Failed to save embedding for item 809: 'str' object is not callable
2025-10-17 07:25:36,692 - ERROR - Failed to save embedding for item 810: 'str' object is not callable
2025-10-17 07:25:36,692 - ERROR - Failed to save embedding for item 811: 'str' object is not callable
2025-10-17 07:25:36,692 - ERROR - Failed to save embedding for item 812: 'str' object is not callable
2025-10-17 07:25:36,693 - ERROR - Failed to save embedding for item 813: 'str' object is not callable
2025-10-17 07:25:36,693 - ERROR - Failed to save embedding for item 814: 'str' object is not callable
2025-10-17 07:25:36,693 - ERROR - Failed to save embedding for item 815: 'str' object is not callable
2025-10-17 07:25:36,693 - ERROR - Failed to save embedding for item 816: 'str' object is not callable
2025-10-17 07:25:36,694 - ERROR - Failed to save embedding for item 817: 'str' object is not callable
2025-10-17 07:25:36,694 - ERROR - Failed to save embedding for item 818: 'str' object is not callable
2025-10-17 07:25:36,694 - ERROR - Failed to save embedding for item 819: 'str' object is not callable
2025-10-17 07:25:36,694 - ERROR - Failed to save embedding for item 820: 'str' object is not callable
2025-10-17 07:25:36,695 - ERROR - Failed to save embedding for item 821: 'str' object is not callable
2025-10-17 07:25:36,695 - ERROR - Failed to save embedding for item 822: 'str' object is not callable
2025-10-17 07:25:36,695 - ERROR - Failed to save embedding for item 823: 'str' object is not callable
2025-10-17 07:25:36,695 - ERROR - Failed to save embedding for item 824: 'str' object is not callable
2025-10-17 07:25:36,696 - ERROR - Failed to save embedding for item 825: 'str' object is not callable
2025-10-17 07:25:36,696 - ERROR - Failed to save embedding for item 826: 'str' object is not callable
2025-10-17 07:25:36,696 - ERROR - Failed to save embedding for item 827: 'str' object is not callable
2025-10-17 07:25:36,696 - ERROR - Failed to save embedding for item 828: 'str' object is not callable
2025-10-17 07:25:36,697 - ERROR - Failed to save embedding for item 829: 'str' object is not callable
2025-10-17 07:25:36,697 - ERROR - Failed to save embedding for item 830: 'str' object is not callable
2025-10-17 07:25:36,697 - ERROR - Failed to save embedding for item 831: 'str' object is not callable
2025-10-17 07:25:36,698 - ERROR - Failed to save embedding for item 832: 'str' object is not callable
2025-10-17 07:25:36,698 - ERROR - Failed to save embedding for item 833: 'str' object is not callable
2025-10-17 07:25:36,698 - ERROR - Failed to save embedding for item 834: 'str' object is not callable
2025-10-17 07:25:36,698 - ERROR - Failed to save embedding for item 835: 'str' object is not callable
2025-10-17 07:25:36,699 - ERROR - Failed to save embedding for item 836: 'str' object is not callable
2025-10-17 07:25:36,699 - ERROR - Failed to save embedding for item 837: 'str' object is not callable
2025-10-17 07:25:36,699 - ERROR - Failed to save embedding for item 838: 'str' object is not callable
2025-10-17 07:25:36,699 - ERROR - Failed to save embedding for item 839: 'str' object is not callable
2025-10-17 07:25:36,700 - ERROR - Failed to save embedding for item 840: 'str' object is not callable
2025-10-17 07:25:36,700 - ERROR - Failed to save embedding for item 841: 'str' object is not callable
2025-10-17 07:25:36,700 - ERROR - Failed to save embedding for item 842: 'str' object is not callable
2025-10-17 07:25:36,700 - ERROR - Failed to save embedding for item 843: 'str' object is not callable
2025-10-17 07:25:36,701 - ERROR - Failed to save embedding for item 844: 'str' object is not callable
2025-10-17 07:25:36,701 - ERROR - Failed to save embedding for item 845: 'str' object is not callable
2025-10-17 07:25:36,701 - ERROR - Failed to save embedding for item 846: 'str' object is not callable
2025-10-17 07:25:36,701 - ERROR - Failed to save embedding for item 847: 'str' object is not callable
2025-10-17 07:25:36,702 - ERROR - Failed to save embedding for item 848: 'str' object is not callable
2025-10-17 07:25:36,702 - ERROR - Failed to save embedding for item 849: 'str' object is not callable
2025-10-17 07:25:37,802 - ERROR - Failed to save embedding for item 850: 'str' object is not callable
2025-10-17 07:25:37,803 - ERROR - Failed to save embedding for item 851: 'str' object is not callable
2025-10-17 07:25:37,803 - ERROR - Failed to save embedding for item 852: 'str' object is not callable
2025-10-17 07:25:37,803 - ERROR - Failed to save embedding for item 853: 'str' object is not callable
2025-10-17 07:25:37,804 - ERROR - Failed to save embedding for item 854: 'str' object is not callable
2025-10-17 07:25:37,804 - ERROR - Failed to save embedding for item 855: 'str' object is not callable
2025-10-17 07:25:37,804 - ERROR - Failed to save embedding for item 856: 'str' object is not callable
2025-10-17 07:25:37,804 - ERROR - Failed to save embedding for item 857: 'str' object is not callable
2025-10-17 07:25:37,805 - ERROR - Failed to save embedding for item 858: 'str' object is not callable
2025-10-17 07:25:37,805 - ERROR - Failed to save embedding for item 859: 'str' object is not callable
2025-10-17 07:25:37,805 - ERROR - Failed to save embedding for item 860: 'str' object is not callable
2025-10-17 07:25:37,805 - ERROR - Failed to save embedding for item 861: 'str' object is not callable
2025-10-17 07:25:37,806 - ERROR - Failed to save embedding for item 862: 'str' object is not callable
2025-10-17 07:25:37,806 - ERROR - Failed to save embedding for item 863: 'str' object is not callable
2025-10-17 07:25:37,806 - ERROR - Failed to save embedding for item 864: 'str' object is not callable
2025-10-17 07:25:37,807 - ERROR - Failed to save embedding for item 865: 'str' object is not callable
2025-10-17 07:25:37,807 - ERROR - Failed to save embedding for item 866: 'str' object is not callable
2025-10-17 07:25:37,807 - ERROR - Failed to save embedding for item 867: 'str' object is not callable
2025-10-17 07:25:37,807 - ERROR - Failed to save embedding for item 868: 'str' object is not callable
2025-10-17 07:25:37,808 - ERROR - Failed to save embedding for item 869: 'str' object is not callable
2025-10-17 07:25:37,808 - ERROR - Failed to save embedding for item 870: 'str' object is not callable
2025-10-17 07:25:37,808 - ERROR - Failed to save embedding for item 871: 'str' object is not callable
2025-10-17 07:25:37,809 - ERROR - Failed to save embedding for item 872: 'str' object is not callable
2025-10-17 07:25:37,809 - ERROR - Failed to save embedding for item 873: 'str' object is not callable
2025-10-17 07:25:37,809 - ERROR - Failed to save embedding for item 874: 'str' object is not callable
2025-10-17 07:25:37,809 - ERROR - Failed to save embedding for item 875: 'str' object is not callable
2025-10-17 07:25:37,810 - ERROR - Failed to save embedding for item 876: 'str' object is not callable
2025-10-17 07:25:37,810 - ERROR - Failed to save embedding for item 877: 'str' object is not callable
2025-10-17 07:25:37,810 - ERROR - Failed to save embedding for item 878: 'str' object is not callable
2025-10-17 07:25:37,810 - ERROR - Failed to save embedding for item 879: 'str' object is not callable
2025-10-17 07:25:37,811 - ERROR - Failed to save embedding for item 880: 'str' object is not callable
2025-10-17 07:25:37,811 - ERROR - Failed to save embedding for item 881: 'str' object is not callable
2025-10-17 07:25:37,811 - ERROR - Failed to save embedding for item 882: 'str' object is not callable
2025-10-17 07:25:37,812 - ERROR - Failed to save embedding for item 883: 'str' object is not callable
2025-10-17 07:25:37,812 - ERROR - Failed to save embedding for item 884: 'str' object is not callable
2025-10-17 07:25:37,812 - ERROR - Failed to save embedding for item 885: 'str' object is not callable
2025-10-17 07:25:37,812 - ERROR - Failed to save embedding for item 886: 'str' object is not callable
2025-10-17 07:25:37,813 - ERROR - Failed to save embedding for item 887: 'str' object is not callable
2025-10-17 07:25:37,813 - ERROR - Failed to save embedding for item 888: 'str' object is not callable
2025-10-17 07:25:37,813 - ERROR - Failed to save embedding for item 889: 'str' object is not callable
2025-10-17 07:25:37,813 - ERROR - Failed to save embedding for item 890: 'str' object is not callable
2025-10-17 07:25:37,814 - ERROR - Failed to save embedding for item 891: 'str' object is not callable
2025-10-17 07:25:37,814 - ERROR - Failed to save embedding for item 892: 'str' object is not callable
2025-10-17 07:25:37,815 - ERROR - Failed to save embedding for item 893: 'str' object is not callable
2025-10-17 07:25:37,815 - ERROR - Failed to save embedding for item 894: 'str' object is not callable
2025-10-17 07:25:37,815 - ERROR - Failed to save embedding for item 895: 'str' object is not callable
2025-10-17 07:25:37,815 - ERROR - Failed to save embedding for item 896: 'str' object is not callable
2025-10-17 07:25:37,816 - ERROR - Failed to save embedding for item 897: 'str' object is not callable
2025-10-17 07:25:37,816 - ERROR - Failed to save embedding for item 898: 'str' object is not callable
2025-10-17 07:25:37,816 - ERROR - Failed to save embedding for item 899: 'str' object is not callable
2025-10-17 07:25:38,834 - ERROR - Failed to save embedding for item 900: 'str' object is not callable
2025-10-17 07:25:38,834 - ERROR - Failed to save embedding for item 901: 'str' object is not callable
2025-10-17 07:25:38,835 - ERROR - Failed to save embedding for item 902: 'str' object is not callable
2025-10-17 07:25:38,835 - ERROR - Failed to save embedding for item 903: 'str' object is not callable
2025-10-17 07:25:38,835 - ERROR - Failed to save embedding for item 904: 'str' object is not callable
2025-10-17 07:25:38,836 - ERROR - Failed to save embedding for item 905: 'str' object is not callable
2025-10-17 07:25:38,836 - ERROR - Failed to save embedding for item 906: 'str' object is not callable
2025-10-17 07:25:38,837 - ERROR - Failed to save embedding for item 907: 'str' object is not callable
2025-10-17 07:25:38,837 - ERROR - Failed to save embedding for item 908: 'str' object is not callable
2025-10-17 07:25:38,837 - ERROR - Failed to save embedding for item 909: 'str' object is not callable
2025-10-17 07:25:38,838 - ERROR - Failed to save embedding for item 910: 'str' object is not callable
2025-10-17 07:25:38,838 - ERROR - Failed to save embedding for item 911: 'str' object is not callable
2025-10-17 07:25:38,839 - ERROR - Failed to save embedding for item 912: 'str' object is not callable
2025-10-17 07:25:38,839 - ERROR - Failed to save embedding for item 913: 'str' object is not callable
2025-10-17 07:25:38,839 - ERROR - Failed to save embedding for item 914: 'str' object is not callable
2025-10-17 07:25:38,839 - ERROR - Failed to save embedding for item 915: 'str' object is not callable
2025-10-17 07:25:38,840 - ERROR - Failed to save embedding for item 916: 'str' object is not callable
2025-10-17 07:25:38,840 - ERROR - Failed to save embedding for item 917: 'str' object is not callable
2025-10-17 07:25:38,840 - ERROR - Failed to save embedding for item 918: 'str' object is not callable
2025-10-17 07:25:38,840 - ERROR - Failed to save embedding for item 919: 'str' object is not callable
2025-10-17 07:25:38,841 - ERROR - Failed to save embedding for item 920: 'str' object is not callable
2025-10-17 07:25:38,841 - ERROR - Failed to save embedding for item 921: 'str' object is not callable
2025-10-17 07:25:38,841 - ERROR - Failed to save embedding for item 922: 'str' object is not callable
2025-10-17 07:25:38,841 - ERROR - Failed to save embedding for item 923: 'str' object is not callable
2025-10-17 07:25:38,842 - ERROR - Failed to save embedding for item 924: 'str' object is not callable
2025-10-17 07:25:38,842 - ERROR - Failed to save embedding for item 925: 'str' object is not callable
2025-10-17 07:25:38,842 - ERROR - Failed to save embedding for item 926: 'str' object is not callable
2025-10-17 07:25:38,843 - ERROR - Failed to save embedding for item 927: 'str' object is not callable
2025-10-17 07:25:38,843 - ERROR - Failed to save embedding for item 928: 'str' object is not callable
2025-10-17 07:25:38,843 - ERROR - Failed to save embedding for item 929: 'str' object is not callable
2025-10-17 07:25:38,843 - ERROR - Failed to save embedding for item 930: 'str' object is not callable
2025-10-17 07:25:38,844 - ERROR - Failed to save embedding for item 931: 'str' object is not callable
2025-10-17 07:25:38,844 - ERROR - Failed to save embedding for item 932: 'str' object is not callable
2025-10-17 07:25:38,844 - ERROR - Failed to save embedding for item 933: 'str' object is not callable
2025-10-17 07:25:38,844 - ERROR - Failed to save embedding for item 934: 'str' object is not callable
2025-10-17 07:25:38,845 - ERROR - Failed to save embedding for item 935: 'str' object is not callable
2025-10-17 07:25:38,845 - ERROR - Failed to save embedding for item 936: 'str' object is not callable
2025-10-17 07:25:38,845 - ERROR - Failed to save embedding for item 937: 'str' object is not callable
2025-10-17 07:25:38,845 - ERROR - Failed to save embedding for item 938: 'str' object is not callable
2025-10-17 07:25:38,846 - ERROR - Failed to save embedding for item 939: 'str' object is not callable
2025-10-17 07:25:38,846 - ERROR - Failed to save embedding for item 940: 'str' object is not callable
2025-10-17 07:25:38,846 - ERROR - Failed to save embedding for item 941: 'str' object is not callable
2025-10-17 07:25:38,847 - ERROR - Failed to save embedding for item 942: 'str' object is not callable
2025-10-17 07:25:38,847 - ERROR - Failed to save embedding for item 943: 'str' object is not callable
2025-10-17 07:25:38,847 - ERROR - Failed to save embedding for item 944: 'str' object is not callable
2025-10-17 07:25:38,847 - ERROR - Failed to save embedding for item 945: 'str' object is not callable
2025-10-17 07:25:38,848 - ERROR - Failed to save embedding for item 946: 'str' object is not callable
2025-10-17 07:25:38,848 - ERROR - Failed to save embedding for item 947: 'str' object is not callable
2025-10-17 07:25:38,848 - ERROR - Failed to save embedding for item 948: 'str' object is not callable
2025-10-17 07:25:38,848 - ERROR - Failed to save embedding for item 949: 'str' object is not callable
2025-10-17 07:25:39,780 - ERROR - Failed to save embedding for item 950: 'str' object is not callable
2025-10-17 07:25:39,780 - ERROR - Failed to save embedding for item 951: 'str' object is not callable
2025-10-17 07:25:39,781 - ERROR - Failed to save embedding for item 952: 'str' object is not callable
2025-10-17 07:25:39,781 - ERROR - Failed to save embedding for item 953: 'str' object is not callable
2025-10-17 07:25:39,781 - ERROR - Failed to save embedding for item 954: 'str' object is not callable
2025-10-17 07:25:39,782 - ERROR - Failed to save embedding for item 955: 'str' object is not callable
2025-10-17 07:25:39,782 - ERROR - Failed to save embedding for item 956: 'str' object is not callable
2025-10-17 07:25:39,782 - ERROR - Failed to save embedding for item 957: 'str' object is not callable
2025-10-17 07:25:39,782 - ERROR - Failed to save embedding for item 958: 'str' object is not callable
2025-10-17 07:25:39,783 - ERROR - Failed to save embedding for item 959: 'str' object is not callable
2025-10-17 07:25:39,783 - ERROR - Failed to save embedding for item 961: 'str' object is not callable
2025-10-17 07:25:39,783 - ERROR - Failed to save embedding for item 962: 'str' object is not callable
2025-10-17 07:25:39,783 - ERROR - Failed to save embedding for item 963: 'str' object is not callable
2025-10-17 07:25:39,784 - ERROR - Failed to save embedding for item 964: 'str' object is not callable
2025-10-17 07:25:39,784 - ERROR - Failed to save embedding for item 965: 'str' object is not callable
2025-10-17 07:25:39,784 - ERROR - Failed to save embedding for item 966: 'str' object is not callable
2025-10-17 07:25:39,785 - ERROR - Failed to save embedding for item 967: 'str' object is not callable
2025-10-17 07:25:39,785 - ERROR - Failed to save embedding for item 968: 'str' object is not callable
2025-10-17 07:25:39,785 - ERROR - Failed to save embedding for item 969: 'str' object is not callable
2025-10-17 07:25:39,785 - ERROR - Failed to save embedding for item 970: 'str' object is not callable
2025-10-17 07:25:39,786 - ERROR - Failed to save embedding for item 971: 'str' object is not callable
2025-10-17 07:25:39,786 - ERROR - Failed to save embedding for item 972: 'str' object is not callable
2025-10-17 07:25:39,786 - ERROR - Failed to save embedding for item 973: 'str' object is not callable
2025-10-17 07:25:39,786 - ERROR - Failed to save embedding for item 974: 'str' object is not callable
2025-10-17 07:25:39,787 - ERROR - Failed to save embedding for item 975: 'str' object is not callable
2025-10-17 07:25:39,787 - ERROR - Failed to save embedding for item 976: 'str' object is not callable
2025-10-17 07:25:39,787 - ERROR - Failed to save embedding for item 977: 'str' object is not callable
2025-10-17 07:25:39,787 - ERROR - Failed to save embedding for item 978: 'str' object is not callable
2025-10-17 07:25:39,788 - ERROR - Failed to save embedding for item 979: 'str' object is not callable
2025-10-17 07:25:39,788 - ERROR - Failed to save embedding for item 980: 'str' object is not callable
2025-10-17 07:25:39,788 - ERROR - Failed to save embedding for item 982: 'str' object is not callable
2025-10-17 07:25:39,789 - ERROR - Failed to save embedding for item 983: 'str' object is not callable
2025-10-17 07:25:39,789 - ERROR - Failed to save embedding for item 984: 'str' object is not callable
2025-10-17 07:25:39,789 - ERROR - Failed to save embedding for item 985: 'str' object is not callable
2025-10-17 07:25:39,790 - ERROR - Failed to save embedding for item 986: 'str' object is not callable
2025-10-17 07:25:39,790 - ERROR - Failed to save embedding for item 987: 'str' object is not callable
2025-10-17 07:25:39,790 - ERROR - Failed to save embedding for item 988: 'str' object is not callable
2025-10-17 07:25:39,790 - ERROR - Failed to save embedding for item 989: 'str' object is not callable
2025-10-17 07:25:39,791 - ERROR - Failed to save embedding for item 990: 'str' object is not callable
2025-10-17 07:25:39,791 - ERROR - Failed to save embedding for item 991: 'str' object is not callable
2025-10-17 07:25:39,791 - ERROR - Failed to save embedding for item 992: 'str' object is not callable
2025-10-17 07:25:39,791 - ERROR - Failed to save embedding for item 993: 'str' object is not callable
2025-10-17 07:25:39,792 - ERROR - Failed to save embedding for item 994: 'str' object is not callable
2025-10-17 07:25:39,792 - ERROR - Failed to save embedding for item 995: 'str' object is not callable
2025-10-17 07:25:39,792 - ERROR - Failed to save embedding for item 996: 'str' object is not callable
2025-10-17 07:25:39,793 - ERROR - Failed to save embedding for item 997: 'str' object is not callable
2025-10-17 07:25:39,793 - ERROR - Failed to save embedding for item 998: 'str' object is not callable
2025-10-17 07:25:39,793 - ERROR - Failed to save embedding for item 999: 'str' object is not callable
2025-10-17 07:25:39,793 - ERROR - Failed to save embedding for item 1000: 'str' object is not callable
2025-10-17 07:25:39,794 - ERROR - Failed to save embedding for item 1001: 'str' object is not callable
2025-10-17 07:25:39,800 - INFO - Progress: 1000/2478
2025-10-17 07:25:40,980 - ERROR - Failed to save embedding for item 1002: 'str' object is not callable
2025-10-17 07:25:40,980 - ERROR - Failed to save embedding for item 1003: 'str' object is not callable
2025-10-17 07:25:40,980 - ERROR - Failed to save embedding for item 1004: 'str' object is not callable
2025-10-17 07:25:40,981 - ERROR - Failed to save embedding for item 1005: 'str' object is not callable
2025-10-17 07:25:40,981 - ERROR - Failed to save embedding for item 1006: 'str' object is not callable
2025-10-17 07:25:40,981 - ERROR - Failed to save embedding for item 1007: 'str' object is not callable
2025-10-17 07:25:40,982 - ERROR - Failed to save embedding for item 1008: 'str' object is not callable
2025-10-17 07:25:40,982 - ERROR - Failed to save embedding for item 1009: 'str' object is not callable
2025-10-17 07:25:40,982 - ERROR - Failed to save embedding for item 1010: 'str' object is not callable
2025-10-17 07:25:40,982 - ERROR - Failed to save embedding for item 1011: 'str' object is not callable
2025-10-17 07:25:40,983 - ERROR - Failed to save embedding for item 1012: 'str' object is not callable
2025-10-17 07:25:40,983 - ERROR - Failed to save embedding for item 1013: 'str' object is not callable
2025-10-17 07:25:40,983 - ERROR - Failed to save embedding for item 1016: 'str' object is not callable
2025-10-17 07:25:40,983 - ERROR - Failed to save embedding for item 1017: 'str' object is not callable
2025-10-17 07:25:40,984 - ERROR - Failed to save embedding for item 1409: 'str' object is not callable
2025-10-17 07:25:40,984 - ERROR - Failed to save embedding for item 1018: 'str' object is not callable
2025-10-17 07:25:40,984 - ERROR - Failed to save embedding for item 1019: 'str' object is not callable
2025-10-17 07:25:40,985 - ERROR - Failed to save embedding for item 1020: 'str' object is not callable
2025-10-17 07:25:40,985 - ERROR - Failed to save embedding for item 1021: 'str' object is not callable
2025-10-17 07:25:40,985 - ERROR - Failed to save embedding for item 1022: 'str' object is not callable
2025-10-17 07:25:40,985 - ERROR - Failed to save embedding for item 1023: 'str' object is not callable
2025-10-17 07:25:40,986 - ERROR - Failed to save embedding for item 1024: 'str' object is not callable
2025-10-17 07:25:40,986 - ERROR - Failed to save embedding for item 1025: 'str' object is not callable
2025-10-17 07:25:40,986 - ERROR - Failed to save embedding for item 1026: 'str' object is not callable
2025-10-17 07:25:40,986 - ERROR - Failed to save embedding for item 1027: 'str' object is not callable
2025-10-17 07:25:40,987 - ERROR - Failed to save embedding for item 1028: 'str' object is not callable
2025-10-17 07:25:40,987 - ERROR - Failed to save embedding for item 1029: 'str' object is not callable
2025-10-17 07:25:40,987 - ERROR - Failed to save embedding for item 1030: 'str' object is not callable
2025-10-17 07:25:40,988 - ERROR - Failed to save embedding for item 1031: 'str' object is not callable
2025-10-17 07:25:40,988 - ERROR - Failed to save embedding for item 1032: 'str' object is not callable
2025-10-17 07:25:40,988 - ERROR - Failed to save embedding for item 1033: 'str' object is not callable
2025-10-17 07:25:40,988 - ERROR - Failed to save embedding for item 1034: 'str' object is not callable
2025-10-17 07:25:40,989 - ERROR - Failed to save embedding for item 1035: 'str' object is not callable
2025-10-17 07:25:40,989 - ERROR - Failed to save embedding for item 1036: 'str' object is not callable
2025-10-17 07:25:40,989 - ERROR - Failed to save embedding for item 1037: 'str' object is not callable
2025-10-17 07:25:40,989 - ERROR - Failed to save embedding for item 1038: 'str' object is not callable
2025-10-17 07:25:40,990 - ERROR - Failed to save embedding for item 1039: 'str' object is not callable
2025-10-17 07:25:40,990 - ERROR - Failed to save embedding for item 1040: 'str' object is not callable
2025-10-17 07:25:40,990 - ERROR - Failed to save embedding for item 1041: 'str' object is not callable
2025-10-17 07:25:40,990 - ERROR - Failed to save embedding for item 1042: 'str' object is not callable
2025-10-17 07:25:40,991 - ERROR - Failed to save embedding for item 1043: 'str' object is not callable
2025-10-17 07:25:40,991 - ERROR - Failed to save embedding for item 1044: 'str' object is not callable
2025-10-17 07:25:40,991 - ERROR - Failed to save embedding for item 1045: 'str' object is not callable
2025-10-17 07:25:40,992 - ERROR - Failed to save embedding for item 1046: 'str' object is not callable
2025-10-17 07:25:40,992 - ERROR - Failed to save embedding for item 1047: 'str' object is not callable
2025-10-17 07:25:40,992 - ERROR - Failed to save embedding for item 1048: 'str' object is not callable
2025-10-17 07:25:40,992 - ERROR - Failed to save embedding for item 1049: 'str' object is not callable
2025-10-17 07:25:40,993 - ERROR - Failed to save embedding for item 1050: 'str' object is not callable
2025-10-17 07:25:40,993 - ERROR - Failed to save embedding for item 1051: 'str' object is not callable
2025-10-17 07:25:40,993 - ERROR - Failed to save embedding for item 1052: 'str' object is not callable
2025-10-17 07:25:42,200 - ERROR - Failed to save embedding for item 1053: 'str' object is not callable
2025-10-17 07:25:42,201 - ERROR - Failed to save embedding for item 1054: 'str' object is not callable
2025-10-17 07:25:42,201 - ERROR - Failed to save embedding for item 1055: 'str' object is not callable
2025-10-17 07:25:42,201 - ERROR - Failed to save embedding for item 1056: 'str' object is not callable
2025-10-17 07:25:42,202 - ERROR - Failed to save embedding for item 1057: 'str' object is not callable
2025-10-17 07:25:42,202 - ERROR - Failed to save embedding for item 1058: 'str' object is not callable
2025-10-17 07:25:42,202 - ERROR - Failed to save embedding for item 1059: 'str' object is not callable
2025-10-17 07:25:42,203 - ERROR - Failed to save embedding for item 1060: 'str' object is not callable
2025-10-17 07:25:42,203 - ERROR - Failed to save embedding for item 1061: 'str' object is not callable
2025-10-17 07:25:42,204 - ERROR - Failed to save embedding for item 1062: 'str' object is not callable
2025-10-17 07:25:42,204 - ERROR - Failed to save embedding for item 1063: 'str' object is not callable
2025-10-17 07:25:42,205 - ERROR - Failed to save embedding for item 1064: 'str' object is not callable
2025-10-17 07:25:42,205 - ERROR - Failed to save embedding for item 1065: 'str' object is not callable
2025-10-17 07:25:42,205 - ERROR - Failed to save embedding for item 1066: 'str' object is not callable
2025-10-17 07:25:42,206 - ERROR - Failed to save embedding for item 1067: 'str' object is not callable
2025-10-17 07:25:42,206 - ERROR - Failed to save embedding for item 1068: 'str' object is not callable
2025-10-17 07:25:42,207 - ERROR - Failed to save embedding for item 1069: 'str' object is not callable
2025-10-17 07:25:42,207 - ERROR - Failed to save embedding for item 1070: 'str' object is not callable
2025-10-17 07:25:42,207 - ERROR - Failed to save embedding for item 1071: 'str' object is not callable
2025-10-17 07:25:42,208 - ERROR - Failed to save embedding for item 1072: 'str' object is not callable
2025-10-17 07:25:42,208 - ERROR - Failed to save embedding for item 1763: 'str' object is not callable
2025-10-17 07:25:42,209 - ERROR - Failed to save embedding for item 1073: 'str' object is not callable
2025-10-17 07:25:42,209 - ERROR - Failed to save embedding for item 1074: 'str' object is not callable
2025-10-17 07:25:42,209 - ERROR - Failed to save embedding for item 1075: 'str' object is not callable
2025-10-17 07:25:42,210 - ERROR - Failed to save embedding for item 1076: 'str' object is not callable
2025-10-17 07:25:42,210 - ERROR - Failed to save embedding for item 1077: 'str' object is not callable
2025-10-17 07:25:42,211 - ERROR - Failed to save embedding for item 1078: 'str' object is not callable
2025-10-17 07:25:42,211 - ERROR - Failed to save embedding for item 1079: 'str' object is not callable
2025-10-17 07:25:42,211 - ERROR - Failed to save embedding for item 1080: 'str' object is not callable
2025-10-17 07:25:42,212 - ERROR - Failed to save embedding for item 1081: 'str' object is not callable
2025-10-17 07:25:42,212 - ERROR - Failed to save embedding for item 1082: 'str' object is not callable
2025-10-17 07:25:42,213 - ERROR - Failed to save embedding for item 1083: 'str' object is not callable
2025-10-17 07:25:42,213 - ERROR - Failed to save embedding for item 1084: 'str' object is not callable
2025-10-17 07:25:42,214 - ERROR - Failed to save embedding for item 1085: 'str' object is not callable
2025-10-17 07:25:42,214 - ERROR - Failed to save embedding for item 1086: 'str' object is not callable
2025-10-17 07:25:42,214 - ERROR - Failed to save embedding for item 1087: 'str' object is not callable
2025-10-17 07:25:42,215 - ERROR - Failed to save embedding for item 1088: 'str' object is not callable
2025-10-17 07:25:42,215 - ERROR - Failed to save embedding for item 1089: 'str' object is not callable
2025-10-17 07:25:42,216 - ERROR - Failed to save embedding for item 1090: 'str' object is not callable
2025-10-17 07:25:42,216 - ERROR - Failed to save embedding for item 1091: 'str' object is not callable
2025-10-17 07:25:42,216 - ERROR - Failed to save embedding for item 1092: 'str' object is not callable
2025-10-17 07:25:42,217 - ERROR - Failed to save embedding for item 1093: 'str' object is not callable
2025-10-17 07:25:42,217 - ERROR - Failed to save embedding for item 1094: 'str' object is not callable
2025-10-17 07:25:42,218 - ERROR - Failed to save embedding for item 1095: 'str' object is not callable
2025-10-17 07:25:42,218 - ERROR - Failed to save embedding for item 1096: 'str' object is not callable
2025-10-17 07:25:42,218 - ERROR - Failed to save embedding for item 1097: 'str' object is not callable
2025-10-17 07:25:42,218 - ERROR - Failed to save embedding for item 1098: 'str' object is not callable
2025-10-17 07:25:42,219 - ERROR - Failed to save embedding for item 1099: 'str' object is not callable
2025-10-17 07:25:42,219 - ERROR - Failed to save embedding for item 1100: 'str' object is not callable
2025-10-17 07:25:42,219 - ERROR - Failed to save embedding for item 1101: 'str' object is not callable
2025-10-17 07:25:43,385 - ERROR - Failed to save embedding for item 1102: 'str' object is not callable
2025-10-17 07:25:43,385 - ERROR - Failed to save embedding for item 1103: 'str' object is not callable
2025-10-17 07:25:43,386 - ERROR - Failed to save embedding for item 1104: 'str' object is not callable
2025-10-17 07:25:43,386 - ERROR - Failed to save embedding for item 1105: 'str' object is not callable
2025-10-17 07:25:43,387 - ERROR - Failed to save embedding for item 1106: 'str' object is not callable
2025-10-17 07:25:43,387 - ERROR - Failed to save embedding for item 1107: 'str' object is not callable
2025-10-17 07:25:43,387 - ERROR - Failed to save embedding for item 1108: 'str' object is not callable
2025-10-17 07:25:43,388 - ERROR - Failed to save embedding for item 1109: 'str' object is not callable
2025-10-17 07:25:43,388 - ERROR - Failed to save embedding for item 1110: 'str' object is not callable
2025-10-17 07:25:43,389 - ERROR - Failed to save embedding for item 1111: 'str' object is not callable
2025-10-17 07:25:43,389 - ERROR - Failed to save embedding for item 1112: 'str' object is not callable
2025-10-17 07:25:43,390 - ERROR - Failed to save embedding for item 1113: 'str' object is not callable
2025-10-17 07:25:43,390 - ERROR - Failed to save embedding for item 1114: 'str' object is not callable
2025-10-17 07:25:43,390 - ERROR - Failed to save embedding for item 1115: 'str' object is not callable
2025-10-17 07:25:43,391 - ERROR - Failed to save embedding for item 1116: 'str' object is not callable
2025-10-17 07:25:43,391 - ERROR - Failed to save embedding for item 1117: 'str' object is not callable
2025-10-17 07:25:43,392 - ERROR - Failed to save embedding for item 1118: 'str' object is not callable
2025-10-17 07:25:43,392 - ERROR - Failed to save embedding for item 1119: 'str' object is not callable
2025-10-17 07:25:43,392 - ERROR - Failed to save embedding for item 1120: 'str' object is not callable
2025-10-17 07:25:43,393 - ERROR - Failed to save embedding for item 1121: 'str' object is not callable
2025-10-17 07:25:43,393 - ERROR - Failed to save embedding for item 1122: 'str' object is not callable
2025-10-17 07:25:43,394 - ERROR - Failed to save embedding for item 1123: 'str' object is not callable
2025-10-17 07:25:43,394 - ERROR - Failed to save embedding for item 1124: 'str' object is not callable
2025-10-17 07:25:43,395 - ERROR - Failed to save embedding for item 1125: 'str' object is not callable
2025-10-17 07:25:43,395 - ERROR - Failed to save embedding for item 1126: 'str' object is not callable
2025-10-17 07:25:43,395 - ERROR - Failed to save embedding for item 1127: 'str' object is not callable
2025-10-17 07:25:43,396 - ERROR - Failed to save embedding for item 1128: 'str' object is not callable
2025-10-17 07:25:43,396 - ERROR - Failed to save embedding for item 1129: 'str' object is not callable
2025-10-17 07:25:43,397 - ERROR - Failed to save embedding for item 1130: 'str' object is not callable
2025-10-17 07:25:43,397 - ERROR - Failed to save embedding for item 1131: 'str' object is not callable
2025-10-17 07:25:43,397 - ERROR - Failed to save embedding for item 1132: 'str' object is not callable
2025-10-17 07:25:43,398 - ERROR - Failed to save embedding for item 1133: 'str' object is not callable
2025-10-17 07:25:43,398 - ERROR - Failed to save embedding for item 1134: 'str' object is not callable
2025-10-17 07:25:43,399 - ERROR - Failed to save embedding for item 1135: 'str' object is not callable
2025-10-17 07:25:43,399 - ERROR - Failed to save embedding for item 1136: 'str' object is not callable
2025-10-17 07:25:43,399 - ERROR - Failed to save embedding for item 1137: 'str' object is not callable
2025-10-17 07:25:43,400 - ERROR - Failed to save embedding for item 1138: 'str' object is not callable
2025-10-17 07:25:43,400 - ERROR - Failed to save embedding for item 1139: 'str' object is not callable
2025-10-17 07:25:43,401 - ERROR - Failed to save embedding for item 1140: 'str' object is not callable
2025-10-17 07:25:43,401 - ERROR - Failed to save embedding for item 1141: 'str' object is not callable
2025-10-17 07:25:43,402 - ERROR - Failed to save embedding for item 1142: 'str' object is not callable
2025-10-17 07:25:43,402 - ERROR - Failed to save embedding for item 1143: 'str' object is not callable
2025-10-17 07:25:43,402 - ERROR - Failed to save embedding for item 1144: 'str' object is not callable
2025-10-17 07:25:43,403 - ERROR - Failed to save embedding for item 1145: 'str' object is not callable
2025-10-17 07:25:43,403 - ERROR - Failed to save embedding for item 1146: 'str' object is not callable
2025-10-17 07:25:43,404 - ERROR - Failed to save embedding for item 1147: 'str' object is not callable
2025-10-17 07:25:43,404 - ERROR - Failed to save embedding for item 1148: 'str' object is not callable
2025-10-17 07:25:43,405 - ERROR - Failed to save embedding for item 1149: 'str' object is not callable
2025-10-17 07:25:43,405 - ERROR - Failed to save embedding for item 2334: 'str' object is not callable
2025-10-17 07:25:43,405 - ERROR - Failed to save embedding for item 1150: 'str' object is not callable
2025-10-17 07:25:44,588 - ERROR - Failed to save embedding for item 1151: 'str' object is not callable
2025-10-17 07:25:44,589 - ERROR - Failed to save embedding for item 1152: 'str' object is not callable
2025-10-17 07:25:44,589 - ERROR - Failed to save embedding for item 1153: 'str' object is not callable
2025-10-17 07:25:44,590 - ERROR - Failed to save embedding for item 1154: 'str' object is not callable
2025-10-17 07:25:44,590 - ERROR - Failed to save embedding for item 1155: 'str' object is not callable
2025-10-17 07:25:44,591 - ERROR - Failed to save embedding for item 1156: 'str' object is not callable
2025-10-17 07:25:44,591 - ERROR - Failed to save embedding for item 1157: 'str' object is not callable
2025-10-17 07:25:44,591 - ERROR - Failed to save embedding for item 1158: 'str' object is not callable
2025-10-17 07:25:44,592 - ERROR - Failed to save embedding for item 1159: 'str' object is not callable
2025-10-17 07:25:44,592 - ERROR - Failed to save embedding for item 1160: 'str' object is not callable
2025-10-17 07:25:44,593 - ERROR - Failed to save embedding for item 1161: 'str' object is not callable
2025-10-17 07:25:44,593 - ERROR - Failed to save embedding for item 1162: 'str' object is not callable
2025-10-17 07:25:44,593 - ERROR - Failed to save embedding for item 1163: 'str' object is not callable
2025-10-17 07:25:44,594 - ERROR - Failed to save embedding for item 1164: 'str' object is not callable
2025-10-17 07:25:44,594 - ERROR - Failed to save embedding for item 1166: 'str' object is not callable
2025-10-17 07:25:44,595 - ERROR - Failed to save embedding for item 1167: 'str' object is not callable
2025-10-17 07:25:44,595 - ERROR - Failed to save embedding for item 1168: 'str' object is not callable
2025-10-17 07:25:44,595 - ERROR - Failed to save embedding for item 1169: 'str' object is not callable
2025-10-17 07:25:44,596 - ERROR - Failed to save embedding for item 1170: 'str' object is not callable
2025-10-17 07:25:44,596 - ERROR - Failed to save embedding for item 1171: 'str' object is not callable
2025-10-17 07:25:44,597 - ERROR - Failed to save embedding for item 1172: 'str' object is not callable
2025-10-17 07:25:44,597 - ERROR - Failed to save embedding for item 1173: 'str' object is not callable
2025-10-17 07:25:44,597 - ERROR - Failed to save embedding for item 1174: 'str' object is not callable
2025-10-17 07:25:44,597 - ERROR - Failed to save embedding for item 1175: 'str' object is not callable
2025-10-17 07:25:44,598 - ERROR - Failed to save embedding for item 1176: 'str' object is not callable
2025-10-17 07:25:44,598 - ERROR - Failed to save embedding for item 1177: 'str' object is not callable
2025-10-17 07:25:44,598 - ERROR - Failed to save embedding for item 1178: 'str' object is not callable
2025-10-17 07:25:44,599 - ERROR - Failed to save embedding for item 1179: 'str' object is not callable
2025-10-17 07:25:44,599 - ERROR - Failed to save embedding for item 1180: 'str' object is not callable
2025-10-17 07:25:44,599 - ERROR - Failed to save embedding for item 1181: 'str' object is not callable
2025-10-17 07:25:44,599 - ERROR - Failed to save embedding for item 1182: 'str' object is not callable
2025-10-17 07:25:44,600 - ERROR - Failed to save embedding for item 1183: 'str' object is not callable
2025-10-17 07:25:44,600 - ERROR - Failed to save embedding for item 1184: 'str' object is not callable
2025-10-17 07:25:44,600 - ERROR - Failed to save embedding for item 1185: 'str' object is not callable
2025-10-17 07:25:44,600 - ERROR - Failed to save embedding for item 1186: 'str' object is not callable
2025-10-17 07:25:44,601 - ERROR - Failed to save embedding for item 1187: 'str' object is not callable
2025-10-17 07:25:44,601 - ERROR - Failed to save embedding for item 1188: 'str' object is not callable
2025-10-17 07:25:44,601 - ERROR - Failed to save embedding for item 1189: 'str' object is not callable
2025-10-17 07:25:44,602 - ERROR - Failed to save embedding for item 1190: 'str' object is not callable
2025-10-17 07:25:44,602 - ERROR - Failed to save embedding for item 1191: 'str' object is not callable
2025-10-17 07:25:44,602 - ERROR - Failed to save embedding for item 1192: 'str' object is not callable
2025-10-17 07:25:44,602 - ERROR - Failed to save embedding for item 1193: 'str' object is not callable
2025-10-17 07:25:44,603 - ERROR - Failed to save embedding for item 1194: 'str' object is not callable
2025-10-17 07:25:44,603 - ERROR - Failed to save embedding for item 1195: 'str' object is not callable
2025-10-17 07:25:44,603 - ERROR - Failed to save embedding for item 1196: 'str' object is not callable
2025-10-17 07:25:44,603 - ERROR - Failed to save embedding for item 1197: 'str' object is not callable
2025-10-17 07:25:44,604 - ERROR - Failed to save embedding for item 1198: 'str' object is not callable
2025-10-17 07:25:44,604 - ERROR - Failed to save embedding for item 1199: 'str' object is not callable
2025-10-17 07:25:44,604 - ERROR - Failed to save embedding for item 1200: 'str' object is not callable
2025-10-17 07:25:44,605 - ERROR - Failed to save embedding for item 1201: 'str' object is not callable
2025-10-17 07:25:45,796 - ERROR - Failed to save embedding for item 1202: 'str' object is not callable
2025-10-17 07:25:45,796 - ERROR - Failed to save embedding for item 1203: 'str' object is not callable
2025-10-17 07:25:45,797 - ERROR - Failed to save embedding for item 1204: 'str' object is not callable
2025-10-17 07:25:45,797 - ERROR - Failed to save embedding for item 1205: 'str' object is not callable
2025-10-17 07:25:45,797 - ERROR - Failed to save embedding for item 1206: 'str' object is not callable
2025-10-17 07:25:45,798 - ERROR - Failed to save embedding for item 1207: 'str' object is not callable
2025-10-17 07:25:45,798 - ERROR - Failed to save embedding for item 1208: 'str' object is not callable
2025-10-17 07:25:45,798 - ERROR - Failed to save embedding for item 1209: 'str' object is not callable
2025-10-17 07:25:45,798 - ERROR - Failed to save embedding for item 1210: 'str' object is not callable
2025-10-17 07:25:45,799 - ERROR - Failed to save embedding for item 1211: 'str' object is not callable
2025-10-17 07:25:45,799 - ERROR - Failed to save embedding for item 1212: 'str' object is not callable
2025-10-17 07:25:45,799 - ERROR - Failed to save embedding for item 1213: 'str' object is not callable
2025-10-17 07:25:45,800 - ERROR - Failed to save embedding for item 1214: 'str' object is not callable
2025-10-17 07:25:45,800 - ERROR - Failed to save embedding for item 1215: 'str' object is not callable
2025-10-17 07:25:45,800 - ERROR - Failed to save embedding for item 1216: 'str' object is not callable
2025-10-17 07:25:45,800 - ERROR - Failed to save embedding for item 1217: 'str' object is not callable
2025-10-17 07:25:45,801 - ERROR - Failed to save embedding for item 1218: 'str' object is not callable
2025-10-17 07:25:45,801 - ERROR - Failed to save embedding for item 1219: 'str' object is not callable
2025-10-17 07:25:45,801 - ERROR - Failed to save embedding for item 1220: 'str' object is not callable
2025-10-17 07:25:45,802 - ERROR - Failed to save embedding for item 1221: 'str' object is not callable
2025-10-17 07:25:45,802 - ERROR - Failed to save embedding for item 1222: 'str' object is not callable
2025-10-17 07:25:45,802 - ERROR - Failed to save embedding for item 1223: 'str' object is not callable
2025-10-17 07:25:45,802 - ERROR - Failed to save embedding for item 1224: 'str' object is not callable
2025-10-17 07:25:45,803 - ERROR - Failed to save embedding for item 1225: 'str' object is not callable
2025-10-17 07:25:45,803 - ERROR - Failed to save embedding for item 1226: 'str' object is not callable
2025-10-17 07:25:45,803 - ERROR - Failed to save embedding for item 1227: 'str' object is not callable
2025-10-17 07:25:45,803 - ERROR - Failed to save embedding for item 1228: 'str' object is not callable
2025-10-17 07:25:45,804 - ERROR - Failed to save embedding for item 1229: 'str' object is not callable
2025-10-17 07:25:45,804 - ERROR - Failed to save embedding for item 1230: 'str' object is not callable
2025-10-17 07:25:45,804 - ERROR - Failed to save embedding for item 1231: 'str' object is not callable
2025-10-17 07:25:45,805 - ERROR - Failed to save embedding for item 1232: 'str' object is not callable
2025-10-17 07:25:45,805 - ERROR - Failed to save embedding for item 1233: 'str' object is not callable
2025-10-17 07:25:45,805 - ERROR - Failed to save embedding for item 1234: 'str' object is not callable
2025-10-17 07:25:45,806 - ERROR - Failed to save embedding for item 1235: 'str' object is not callable
2025-10-17 07:25:45,806 - ERROR - Failed to save embedding for item 1236: 'str' object is not callable
2025-10-17 07:25:45,807 - ERROR - Failed to save embedding for item 1237: 'str' object is not callable
2025-10-17 07:25:45,807 - ERROR - Failed to save embedding for item 1238: 'str' object is not callable
2025-10-17 07:25:45,808 - ERROR - Failed to save embedding for item 1239: 'str' object is not callable
2025-10-17 07:25:45,808 - ERROR - Failed to save embedding for item 1240: 'str' object is not callable
2025-10-17 07:25:45,808 - ERROR - Failed to save embedding for item 1241: 'str' object is not callable
2025-10-17 07:25:45,809 - ERROR - Failed to save embedding for item 1242: 'str' object is not callable
2025-10-17 07:25:45,809 - ERROR - Failed to save embedding for item 1243: 'str' object is not callable
2025-10-17 07:25:45,810 - ERROR - Failed to save embedding for item 1244: 'str' object is not callable
2025-10-17 07:25:45,810 - ERROR - Failed to save embedding for item 1245: 'str' object is not callable
2025-10-17 07:25:45,810 - ERROR - Failed to save embedding for item 1246: 'str' object is not callable
2025-10-17 07:25:45,811 - ERROR - Failed to save embedding for item 1247: 'str' object is not callable
2025-10-17 07:25:45,811 - ERROR - Failed to save embedding for item 1248: 'str' object is not callable
2025-10-17 07:25:45,812 - ERROR - Failed to save embedding for item 1249: 'str' object is not callable
2025-10-17 07:25:45,812 - ERROR - Failed to save embedding for item 1250: 'str' object is not callable
2025-10-17 07:25:45,812 - ERROR - Failed to save embedding for item 1251: 'str' object is not callable
2025-10-17 07:25:46,963 - ERROR - Failed to save embedding for item 1252: 'str' object is not callable
2025-10-17 07:25:46,964 - ERROR - Failed to save embedding for item 1253: 'str' object is not callable
2025-10-17 07:25:46,964 - ERROR - Failed to save embedding for item 1254: 'str' object is not callable
2025-10-17 07:25:46,964 - ERROR - Failed to save embedding for item 1255: 'str' object is not callable
2025-10-17 07:25:46,965 - ERROR - Failed to save embedding for item 1256: 'str' object is not callable
2025-10-17 07:25:46,965 - ERROR - Failed to save embedding for item 1257: 'str' object is not callable
2025-10-17 07:25:46,965 - ERROR - Failed to save embedding for item 1258: 'str' object is not callable
2025-10-17 07:25:46,966 - ERROR - Failed to save embedding for item 1259: 'str' object is not callable
2025-10-17 07:25:46,966 - ERROR - Failed to save embedding for item 1260: 'str' object is not callable
2025-10-17 07:25:46,967 - ERROR - Failed to save embedding for item 1261: 'str' object is not callable
2025-10-17 07:25:46,967 - ERROR - Failed to save embedding for item 1262: 'str' object is not callable
2025-10-17 07:25:46,968 - ERROR - Failed to save embedding for item 1263: 'str' object is not callable
2025-10-17 07:25:46,968 - ERROR - Failed to save embedding for item 1264: 'str' object is not callable
2025-10-17 07:25:46,969 - ERROR - Failed to save embedding for item 1265: 'str' object is not callable
2025-10-17 07:25:46,969 - ERROR - Failed to save embedding for item 1266: 'str' object is not callable
2025-10-17 07:25:46,970 - ERROR - Failed to save embedding for item 1267: 'str' object is not callable
2025-10-17 07:25:46,970 - ERROR - Failed to save embedding for item 1268: 'str' object is not callable
2025-10-17 07:25:46,971 - ERROR - Failed to save embedding for item 1269: 'str' object is not callable
2025-10-17 07:25:46,971 - ERROR - Failed to save embedding for item 1270: 'str' object is not callable
2025-10-17 07:25:46,971 - ERROR - Failed to save embedding for item 1271: 'str' object is not callable
2025-10-17 07:25:46,972 - ERROR - Failed to save embedding for item 1272: 'str' object is not callable
2025-10-17 07:25:46,972 - ERROR - Failed to save embedding for item 1273: 'str' object is not callable
2025-10-17 07:25:46,973 - ERROR - Failed to save embedding for item 1274: 'str' object is not callable
2025-10-17 07:25:46,973 - ERROR - Failed to save embedding for item 1275: 'str' object is not callable
2025-10-17 07:25:46,973 - ERROR - Failed to save embedding for item 1276: 'str' object is not callable
2025-10-17 07:25:46,974 - ERROR - Failed to save embedding for item 1277: 'str' object is not callable
2025-10-17 07:25:46,975 - ERROR - Failed to save embedding for item 1278: 'str' object is not callable
2025-10-17 07:25:46,975 - ERROR - Failed to save embedding for item 1279: 'str' object is not callable
2025-10-17 07:25:46,975 - ERROR - Failed to save embedding for item 1281: 'str' object is not callable
2025-10-17 07:25:46,976 - ERROR - Failed to save embedding for item 1282: 'str' object is not callable
2025-10-17 07:25:46,976 - ERROR - Failed to save embedding for item 1283: 'str' object is not callable
2025-10-17 07:25:46,976 - ERROR - Failed to save embedding for item 1284: 'str' object is not callable
2025-10-17 07:25:46,977 - ERROR - Failed to save embedding for item 1285: 'str' object is not callable
2025-10-17 07:25:46,977 - ERROR - Failed to save embedding for item 1286: 'str' object is not callable
2025-10-17 07:25:46,978 - ERROR - Failed to save embedding for item 1287: 'str' object is not callable
2025-10-17 07:25:46,978 - ERROR - Failed to save embedding for item 1288: 'str' object is not callable
2025-10-17 07:25:46,978 - ERROR - Failed to save embedding for item 1289: 'str' object is not callable
2025-10-17 07:25:46,979 - ERROR - Failed to save embedding for item 1290: 'str' object is not callable
2025-10-17 07:25:46,979 - ERROR - Failed to save embedding for item 1291: 'str' object is not callable
2025-10-17 07:25:46,979 - ERROR - Failed to save embedding for item 1165: 'str' object is not callable
2025-10-17 07:25:46,980 - ERROR - Failed to save embedding for item 1292: 'str' object is not callable
2025-10-17 07:25:46,980 - ERROR - Failed to save embedding for item 1293: 'str' object is not callable
2025-10-17 07:25:46,981 - ERROR - Failed to save embedding for item 1294: 'str' object is not callable
2025-10-17 07:25:46,981 - ERROR - Failed to save embedding for item 1295: 'str' object is not callable
2025-10-17 07:25:46,981 - ERROR - Failed to save embedding for item 1296: 'str' object is not callable
2025-10-17 07:25:46,982 - ERROR - Failed to save embedding for item 1297: 'str' object is not callable
2025-10-17 07:25:46,982 - ERROR - Failed to save embedding for item 1298: 'str' object is not callable
2025-10-17 07:25:46,983 - ERROR - Failed to save embedding for item 1299: 'str' object is not callable
2025-10-17 07:25:46,983 - ERROR - Failed to save embedding for item 1300: 'str' object is not callable
2025-10-17 07:25:46,983 - ERROR - Failed to save embedding for item 1301: 'str' object is not callable
2025-10-17 07:25:48,202 - ERROR - Failed to save embedding for item 1302: 'str' object is not callable
2025-10-17 07:25:48,203 - ERROR - Failed to save embedding for item 1303: 'str' object is not callable
2025-10-17 07:25:48,203 - ERROR - Failed to save embedding for item 1304: 'str' object is not callable
2025-10-17 07:25:48,203 - ERROR - Failed to save embedding for item 1305: 'str' object is not callable
2025-10-17 07:25:48,203 - ERROR - Failed to save embedding for item 1306: 'str' object is not callable
2025-10-17 07:25:48,204 - ERROR - Failed to save embedding for item 1307: 'str' object is not callable
2025-10-17 07:25:48,204 - ERROR - Failed to save embedding for item 1308: 'str' object is not callable
2025-10-17 07:25:48,204 - ERROR - Failed to save embedding for item 1309: 'str' object is not callable
2025-10-17 07:25:48,205 - ERROR - Failed to save embedding for item 1310: 'str' object is not callable
2025-10-17 07:25:48,205 - ERROR - Failed to save embedding for item 1311: 'str' object is not callable
2025-10-17 07:25:48,205 - ERROR - Failed to save embedding for item 1312: 'str' object is not callable
2025-10-17 07:25:48,205 - ERROR - Failed to save embedding for item 1313: 'str' object is not callable
2025-10-17 07:25:48,206 - ERROR - Failed to save embedding for item 1314: 'str' object is not callable
2025-10-17 07:25:48,206 - ERROR - Failed to save embedding for item 1315: 'str' object is not callable
2025-10-17 07:25:48,206 - ERROR - Failed to save embedding for item 1316: 'str' object is not callable
2025-10-17 07:25:48,207 - ERROR - Failed to save embedding for item 1317: 'str' object is not callable
2025-10-17 07:25:48,207 - ERROR - Failed to save embedding for item 1318: 'str' object is not callable
2025-10-17 07:25:48,207 - ERROR - Failed to save embedding for item 1319: 'str' object is not callable
2025-10-17 07:25:48,207 - ERROR - Failed to save embedding for item 1320: 'str' object is not callable
2025-10-17 07:25:48,208 - ERROR - Failed to save embedding for item 1321: 'str' object is not callable
2025-10-17 07:25:48,208 - ERROR - Failed to save embedding for item 1322: 'str' object is not callable
2025-10-17 07:25:48,208 - ERROR - Failed to save embedding for item 1863: 'str' object is not callable
2025-10-17 07:25:48,208 - ERROR - Failed to save embedding for item 1323: 'str' object is not callable
2025-10-17 07:25:48,209 - ERROR - Failed to save embedding for item 1324: 'str' object is not callable
2025-10-17 07:25:48,209 - ERROR - Failed to save embedding for item 1325: 'str' object is not callable
2025-10-17 07:25:48,209 - ERROR - Failed to save embedding for item 1326: 'str' object is not callable
2025-10-17 07:25:48,209 - ERROR - Failed to save embedding for item 1327: 'str' object is not callable
2025-10-17 07:25:48,210 - ERROR - Failed to save embedding for item 1328: 'str' object is not callable
2025-10-17 07:25:48,210 - ERROR - Failed to save embedding for item 1329: 'str' object is not callable
2025-10-17 07:25:48,210 - ERROR - Failed to save embedding for item 1330: 'str' object is not callable
2025-10-17 07:25:48,211 - ERROR - Failed to save embedding for item 1331: 'str' object is not callable
2025-10-17 07:25:48,211 - ERROR - Failed to save embedding for item 1332: 'str' object is not callable
2025-10-17 07:25:48,211 - ERROR - Failed to save embedding for item 1333: 'str' object is not callable
2025-10-17 07:25:48,211 - ERROR - Failed to save embedding for item 1334: 'str' object is not callable
2025-10-17 07:25:48,212 - ERROR - Failed to save embedding for item 1335: 'str' object is not callable
2025-10-17 07:25:48,212 - ERROR - Failed to save embedding for item 1336: 'str' object is not callable
2025-10-17 07:25:48,212 - ERROR - Failed to save embedding for item 1337: 'str' object is not callable
2025-10-17 07:25:48,212 - ERROR - Failed to save embedding for item 1338: 'str' object is not callable
2025-10-17 07:25:48,213 - ERROR - Failed to save embedding for item 1339: 'str' object is not callable
2025-10-17 07:25:48,213 - ERROR - Failed to save embedding for item 1340: 'str' object is not callable
2025-10-17 07:25:48,213 - ERROR - Failed to save embedding for item 1341: 'str' object is not callable
2025-10-17 07:25:48,213 - ERROR - Failed to save embedding for item 1342: 'str' object is not callable
2025-10-17 07:25:48,214 - ERROR - Failed to save embedding for item 1343: 'str' object is not callable
2025-10-17 07:25:48,214 - ERROR - Failed to save embedding for item 1344: 'str' object is not callable
2025-10-17 07:25:48,214 - ERROR - Failed to save embedding for item 1345: 'str' object is not callable
2025-10-17 07:25:48,214 - ERROR - Failed to save embedding for item 1346: 'str' object is not callable
2025-10-17 07:25:48,215 - ERROR - Failed to save embedding for item 1347: 'str' object is not callable
2025-10-17 07:25:48,215 - ERROR - Failed to save embedding for item 1348: 'str' object is not callable
2025-10-17 07:25:48,215 - ERROR - Failed to save embedding for item 1349: 'str' object is not callable
2025-10-17 07:25:48,215 - ERROR - Failed to save embedding for item 1350: 'str' object is not callable
2025-10-17 07:25:49,368 - ERROR - Failed to save embedding for item 1351: 'str' object is not callable
2025-10-17 07:25:49,369 - ERROR - Failed to save embedding for item 1352: 'str' object is not callable
2025-10-17 07:25:49,369 - ERROR - Failed to save embedding for item 1353: 'str' object is not callable
2025-10-17 07:25:49,369 - ERROR - Failed to save embedding for item 1354: 'str' object is not callable
2025-10-17 07:25:49,369 - ERROR - Failed to save embedding for item 1355: 'str' object is not callable
2025-10-17 07:25:49,370 - ERROR - Failed to save embedding for item 1356: 'str' object is not callable
2025-10-17 07:25:49,370 - ERROR - Failed to save embedding for item 1357: 'str' object is not callable
2025-10-17 07:25:49,370 - ERROR - Failed to save embedding for item 1358: 'str' object is not callable
2025-10-17 07:25:49,371 - ERROR - Failed to save embedding for item 1359: 'str' object is not callable
2025-10-17 07:25:49,371 - ERROR - Failed to save embedding for item 1360: 'str' object is not callable
2025-10-17 07:25:49,371 - ERROR - Failed to save embedding for item 1361: 'str' object is not callable
2025-10-17 07:25:49,372 - ERROR - Failed to save embedding for item 1362: 'str' object is not callable
2025-10-17 07:25:49,372 - ERROR - Failed to save embedding for item 1363: 'str' object is not callable
2025-10-17 07:25:49,372 - ERROR - Failed to save embedding for item 1364: 'str' object is not callable
2025-10-17 07:25:49,373 - ERROR - Failed to save embedding for item 1365: 'str' object is not callable
2025-10-17 07:25:49,373 - ERROR - Failed to save embedding for item 1366: 'str' object is not callable
2025-10-17 07:25:49,373 - ERROR - Failed to save embedding for item 1367: 'str' object is not callable
2025-10-17 07:25:49,373 - ERROR - Failed to save embedding for item 1368: 'str' object is not callable
2025-10-17 07:25:49,374 - ERROR - Failed to save embedding for item 1369: 'str' object is not callable
2025-10-17 07:25:49,374 - ERROR - Failed to save embedding for item 1370: 'str' object is not callable
2025-10-17 07:25:49,374 - ERROR - Failed to save embedding for item 1371: 'str' object is not callable
2025-10-17 07:25:49,374 - ERROR - Failed to save embedding for item 1372: 'str' object is not callable
2025-10-17 07:25:49,375 - ERROR - Failed to save embedding for item 1373: 'str' object is not callable
2025-10-17 07:25:49,375 - ERROR - Failed to save embedding for item 1374: 'str' object is not callable
2025-10-17 07:25:49,375 - ERROR - Failed to save embedding for item 1375: 'str' object is not callable
2025-10-17 07:25:49,376 - ERROR - Failed to save embedding for item 1376: 'str' object is not callable
2025-10-17 07:25:49,376 - ERROR - Failed to save embedding for item 1377: 'str' object is not callable
2025-10-17 07:25:49,376 - ERROR - Failed to save embedding for item 1378: 'str' object is not callable
2025-10-17 07:25:49,376 - ERROR - Failed to save embedding for item 1379: 'str' object is not callable
2025-10-17 07:25:49,377 - ERROR - Failed to save embedding for item 1380: 'str' object is not callable
2025-10-17 07:25:49,377 - ERROR - Failed to save embedding for item 1381: 'str' object is not callable
2025-10-17 07:25:49,377 - ERROR - Failed to save embedding for item 1382: 'str' object is not callable
2025-10-17 07:25:49,377 - ERROR - Failed to save embedding for item 1383: 'str' object is not callable
2025-10-17 07:25:49,378 - ERROR - Failed to save embedding for item 1384: 'str' object is not callable
2025-10-17 07:25:49,378 - ERROR - Failed to save embedding for item 1385: 'str' object is not callable
2025-10-17 07:25:49,378 - ERROR - Failed to save embedding for item 1386: 'str' object is not callable
2025-10-17 07:25:49,379 - ERROR - Failed to save embedding for item 1387: 'str' object is not callable
2025-10-17 07:25:49,379 - ERROR - Failed to save embedding for item 1388: 'str' object is not callable
2025-10-17 07:25:49,379 - ERROR - Failed to save embedding for item 1389: 'str' object is not callable
2025-10-17 07:25:49,379 - ERROR - Failed to save embedding for item 1390: 'str' object is not callable
2025-10-17 07:25:49,380 - ERROR - Failed to save embedding for item 1391: 'str' object is not callable
2025-10-17 07:25:49,380 - ERROR - Failed to save embedding for item 1392: 'str' object is not callable
2025-10-17 07:25:49,380 - ERROR - Failed to save embedding for item 1393: 'str' object is not callable
2025-10-17 07:25:49,380 - ERROR - Failed to save embedding for item 1394: 'str' object is not callable
2025-10-17 07:25:49,381 - ERROR - Failed to save embedding for item 1395: 'str' object is not callable
2025-10-17 07:25:49,381 - ERROR - Failed to save embedding for item 1396: 'str' object is not callable
2025-10-17 07:25:49,381 - ERROR - Failed to save embedding for item 1397: 'str' object is not callable
2025-10-17 07:25:49,381 - ERROR - Failed to save embedding for item 1398: 'str' object is not callable
2025-10-17 07:25:49,382 - ERROR - Failed to save embedding for item 1399: 'str' object is not callable
2025-10-17 07:25:49,382 - ERROR - Failed to save embedding for item 1400: 'str' object is not callable
2025-10-17 07:25:50,560 - ERROR - Failed to save embedding for item 1401: 'str' object is not callable
2025-10-17 07:25:50,560 - ERROR - Failed to save embedding for item 1402: 'str' object is not callable
2025-10-17 07:25:50,560 - ERROR - Failed to save embedding for item 1403: 'str' object is not callable
2025-10-17 07:25:50,561 - ERROR - Failed to save embedding for item 1404: 'str' object is not callable
2025-10-17 07:25:50,561 - ERROR - Failed to save embedding for item 1405: 'str' object is not callable
2025-10-17 07:25:50,561 - ERROR - Failed to save embedding for item 1406: 'str' object is not callable
2025-10-17 07:25:50,562 - ERROR - Failed to save embedding for item 1407: 'str' object is not callable
2025-10-17 07:25:50,562 - ERROR - Failed to save embedding for item 1408: 'str' object is not callable
2025-10-17 07:25:50,562 - ERROR - Failed to save embedding for item 1410: 'str' object is not callable
2025-10-17 07:25:50,562 - ERROR - Failed to save embedding for item 1411: 'str' object is not callable
2025-10-17 07:25:50,563 - ERROR - Failed to save embedding for item 1412: 'str' object is not callable
2025-10-17 07:25:50,563 - ERROR - Failed to save embedding for item 1413: 'str' object is not callable
2025-10-17 07:25:50,563 - ERROR - Failed to save embedding for item 1414: 'str' object is not callable
2025-10-17 07:25:50,563 - ERROR - Failed to save embedding for item 1415: 'str' object is not callable
2025-10-17 07:25:50,564 - ERROR - Failed to save embedding for item 1416: 'str' object is not callable
2025-10-17 07:25:50,564 - ERROR - Failed to save embedding for item 1417: 'str' object is not callable
2025-10-17 07:25:50,564 - ERROR - Failed to save embedding for item 1418: 'str' object is not callable
2025-10-17 07:25:50,564 - ERROR - Failed to save embedding for item 1419: 'str' object is not callable
2025-10-17 07:25:50,565 - ERROR - Failed to save embedding for item 1420: 'str' object is not callable
2025-10-17 07:25:50,565 - ERROR - Failed to save embedding for item 1421: 'str' object is not callable
2025-10-17 07:25:50,565 - ERROR - Failed to save embedding for item 1422: 'str' object is not callable
2025-10-17 07:25:50,565 - ERROR - Failed to save embedding for item 1423: 'str' object is not callable
2025-10-17 07:25:50,566 - ERROR - Failed to save embedding for item 1424: 'str' object is not callable
2025-10-17 07:25:50,566 - ERROR - Failed to save embedding for item 1425: 'str' object is not callable
2025-10-17 07:25:50,566 - ERROR - Failed to save embedding for item 1426: 'str' object is not callable
2025-10-17 07:25:50,567 - ERROR - Failed to save embedding for item 1427: 'str' object is not callable
2025-10-17 07:25:50,567 - ERROR - Failed to save embedding for item 1428: 'str' object is not callable
2025-10-17 07:25:50,567 - ERROR - Failed to save embedding for item 1429: 'str' object is not callable
2025-10-17 07:25:50,567 - ERROR - Failed to save embedding for item 1430: 'str' object is not callable
2025-10-17 07:25:50,568 - ERROR - Failed to save embedding for item 1431: 'str' object is not callable
2025-10-17 07:25:50,568 - ERROR - Failed to save embedding for item 1432: 'str' object is not callable
2025-10-17 07:25:50,568 - ERROR - Failed to save embedding for item 1433: 'str' object is not callable
2025-10-17 07:25:50,569 - ERROR - Failed to save embedding for item 1434: 'str' object is not callable
2025-10-17 07:25:50,569 - ERROR - Failed to save embedding for item 1435: 'str' object is not callable
2025-10-17 07:25:50,569 - ERROR - Failed to save embedding for item 1436: 'str' object is not callable
2025-10-17 07:25:50,569 - ERROR - Failed to save embedding for item 1437: 'str' object is not callable
2025-10-17 07:25:50,570 - ERROR - Failed to save embedding for item 1438: 'str' object is not callable
2025-10-17 07:25:50,570 - ERROR - Failed to save embedding for item 1439: 'str' object is not callable
2025-10-17 07:25:50,570 - ERROR - Failed to save embedding for item 1440: 'str' object is not callable
2025-10-17 07:25:50,570 - ERROR - Failed to save embedding for item 1441: 'str' object is not callable
2025-10-17 07:25:50,571 - ERROR - Failed to save embedding for item 1442: 'str' object is not callable
2025-10-17 07:25:50,571 - ERROR - Failed to save embedding for item 1443: 'str' object is not callable
2025-10-17 07:25:50,571 - ERROR - Failed to save embedding for item 1444: 'str' object is not callable
2025-10-17 07:25:50,572 - ERROR - Failed to save embedding for item 1445: 'str' object is not callable
2025-10-17 07:25:50,572 - ERROR - Failed to save embedding for item 1446: 'str' object is not callable
2025-10-17 07:25:50,572 - ERROR - Failed to save embedding for item 1447: 'str' object is not callable
2025-10-17 07:25:50,573 - ERROR - Failed to save embedding for item 1448: 'str' object is not callable
2025-10-17 07:25:50,573 - ERROR - Failed to save embedding for item 1449: 'str' object is not callable
2025-10-17 07:25:50,573 - ERROR - Failed to save embedding for item 1450: 'str' object is not callable
2025-10-17 07:25:50,573 - ERROR - Failed to save embedding for item 1451: 'str' object is not callable
2025-10-17 07:25:51,754 - ERROR - Failed to save embedding for item 1452: 'str' object is not callable
2025-10-17 07:25:51,755 - ERROR - Failed to save embedding for item 1453: 'str' object is not callable
2025-10-17 07:25:51,755 - ERROR - Failed to save embedding for item 1454: 'str' object is not callable
2025-10-17 07:25:51,756 - ERROR - Failed to save embedding for item 1455: 'str' object is not callable
2025-10-17 07:25:51,756 - ERROR - Failed to save embedding for item 1456: 'str' object is not callable
2025-10-17 07:25:51,757 - ERROR - Failed to save embedding for item 1457: 'str' object is not callable
2025-10-17 07:25:51,757 - ERROR - Failed to save embedding for item 1458: 'str' object is not callable
2025-10-17 07:25:51,758 - ERROR - Failed to save embedding for item 1459: 'str' object is not callable
2025-10-17 07:25:51,758 - ERROR - Failed to save embedding for item 1460: 'str' object is not callable
2025-10-17 07:25:51,759 - ERROR - Failed to save embedding for item 1461: 'str' object is not callable
2025-10-17 07:25:51,759 - ERROR - Failed to save embedding for item 1462: 'str' object is not callable
2025-10-17 07:25:51,760 - ERROR - Failed to save embedding for item 1463: 'str' object is not callable
2025-10-17 07:25:51,760 - ERROR - Failed to save embedding for item 1464: 'str' object is not callable
2025-10-17 07:25:51,761 - ERROR - Failed to save embedding for item 1465: 'str' object is not callable
2025-10-17 07:25:51,761 - ERROR - Failed to save embedding for item 1466: 'str' object is not callable
2025-10-17 07:25:51,762 - ERROR - Failed to save embedding for item 1467: 'str' object is not callable
2025-10-17 07:25:51,762 - ERROR - Failed to save embedding for item 1468: 'str' object is not callable
2025-10-17 07:25:51,762 - ERROR - Failed to save embedding for item 1469: 'str' object is not callable
2025-10-17 07:25:51,763 - ERROR - Failed to save embedding for item 1470: 'str' object is not callable
2025-10-17 07:25:51,763 - ERROR - Failed to save embedding for item 1471: 'str' object is not callable
2025-10-17 07:25:51,764 - ERROR - Failed to save embedding for item 1472: 'str' object is not callable
2025-10-17 07:25:51,764 - ERROR - Failed to save embedding for item 1473: 'str' object is not callable
2025-10-17 07:25:51,765 - ERROR - Failed to save embedding for item 1474: 'str' object is not callable
2025-10-17 07:25:51,765 - ERROR - Failed to save embedding for item 1475: 'str' object is not callable
2025-10-17 07:25:51,766 - ERROR - Failed to save embedding for item 1476: 'str' object is not callable
2025-10-17 07:25:51,766 - ERROR - Failed to save embedding for item 1477: 'str' object is not callable
2025-10-17 07:25:51,767 - ERROR - Failed to save embedding for item 1478: 'str' object is not callable
2025-10-17 07:25:51,767 - ERROR - Failed to save embedding for item 1479: 'str' object is not callable
2025-10-17 07:25:51,768 - ERROR - Failed to save embedding for item 1480: 'str' object is not callable
2025-10-17 07:25:51,768 - ERROR - Failed to save embedding for item 1481: 'str' object is not callable
2025-10-17 07:25:51,769 - ERROR - Failed to save embedding for item 1482: 'str' object is not callable
2025-10-17 07:25:51,769 - ERROR - Failed to save embedding for item 1483: 'str' object is not callable
2025-10-17 07:25:51,770 - ERROR - Failed to save embedding for item 1484: 'str' object is not callable
2025-10-17 07:25:51,770 - ERROR - Failed to save embedding for item 1485: 'str' object is not callable
2025-10-17 07:25:51,771 - ERROR - Failed to save embedding for item 1486: 'str' object is not callable
2025-10-17 07:25:51,771 - ERROR - Failed to save embedding for item 1487: 'str' object is not callable
2025-10-17 07:25:51,772 - ERROR - Failed to save embedding for item 1488: 'str' object is not callable
2025-10-17 07:25:51,772 - ERROR - Failed to save embedding for item 1489: 'str' object is not callable
2025-10-17 07:25:51,773 - ERROR - Failed to save embedding for item 1490: 'str' object is not callable
2025-10-17 07:25:51,773 - ERROR - Failed to save embedding for item 1491: 'str' object is not callable
2025-10-17 07:25:51,774 - ERROR - Failed to save embedding for item 1492: 'str' object is not callable
2025-10-17 07:25:51,774 - ERROR - Failed to save embedding for item 1493: 'str' object is not callable
2025-10-17 07:25:51,775 - ERROR - Failed to save embedding for item 1494: 'str' object is not callable
2025-10-17 07:25:51,775 - ERROR - Failed to save embedding for item 1495: 'str' object is not callable
2025-10-17 07:25:51,776 - ERROR - Failed to save embedding for item 1496: 'str' object is not callable
2025-10-17 07:25:51,776 - ERROR - Failed to save embedding for item 1497: 'str' object is not callable
2025-10-17 07:25:51,776 - ERROR - Failed to save embedding for item 1498: 'str' object is not callable
2025-10-17 07:25:51,776 - ERROR - Failed to save embedding for item 1499: 'str' object is not callable
2025-10-17 07:25:51,777 - ERROR - Failed to save embedding for item 1500: 'str' object is not callable
2025-10-17 07:25:51,777 - ERROR - Failed to save embedding for item 1501: 'str' object is not callable
2025-10-17 07:25:51,786 - INFO - Progress: 1500/2478
2025-10-17 07:25:52,964 - ERROR - Failed to save embedding for item 1502: 'str' object is not callable
2025-10-17 07:25:52,965 - ERROR - Failed to save embedding for item 1503: 'str' object is not callable
2025-10-17 07:25:52,965 - ERROR - Failed to save embedding for item 1504: 'str' object is not callable
2025-10-17 07:25:52,966 - ERROR - Failed to save embedding for item 1505: 'str' object is not callable
2025-10-17 07:25:52,966 - ERROR - Failed to save embedding for item 1506: 'str' object is not callable
2025-10-17 07:25:52,967 - ERROR - Failed to save embedding for item 1507: 'str' object is not callable
2025-10-17 07:25:52,967 - ERROR - Failed to save embedding for item 1508: 'str' object is not callable
2025-10-17 07:25:52,967 - ERROR - Failed to save embedding for item 1509: 'str' object is not callable
2025-10-17 07:25:52,968 - ERROR - Failed to save embedding for item 1510: 'str' object is not callable
2025-10-17 07:25:52,968 - ERROR - Failed to save embedding for item 1511: 'str' object is not callable
2025-10-17 07:25:52,969 - ERROR - Failed to save embedding for item 1512: 'str' object is not callable
2025-10-17 07:25:52,969 - ERROR - Failed to save embedding for item 1513: 'str' object is not callable
2025-10-17 07:25:52,969 - ERROR - Failed to save embedding for item 1514: 'str' object is not callable
2025-10-17 07:25:52,970 - ERROR - Failed to save embedding for item 1515: 'str' object is not callable
2025-10-17 07:25:52,970 - ERROR - Failed to save embedding for item 1516: 'str' object is not callable
2025-10-17 07:25:52,971 - ERROR - Failed to save embedding for item 1517: 'str' object is not callable
2025-10-17 07:25:52,971 - ERROR - Failed to save embedding for item 1518: 'str' object is not callable
2025-10-17 07:25:52,972 - ERROR - Failed to save embedding for item 1519: 'str' object is not callable
2025-10-17 07:25:52,972 - ERROR - Failed to save embedding for item 1520: 'str' object is not callable
2025-10-17 07:25:52,972 - ERROR - Failed to save embedding for item 1521: 'str' object is not callable
2025-10-17 07:25:52,973 - ERROR - Failed to save embedding for item 1522: 'str' object is not callable
2025-10-17 07:25:52,973 - ERROR - Failed to save embedding for item 1523: 'str' object is not callable
2025-10-17 07:25:52,974 - ERROR - Failed to save embedding for item 1524: 'str' object is not callable
2025-10-17 07:25:52,974 - ERROR - Failed to save embedding for item 1525: 'str' object is not callable
2025-10-17 07:25:52,974 - ERROR - Failed to save embedding for item 981: 'str' object is not callable
2025-10-17 07:25:52,975 - ERROR - Failed to save embedding for item 1526: 'str' object is not callable
2025-10-17 07:25:52,975 - ERROR - Failed to save embedding for item 1527: 'str' object is not callable
2025-10-17 07:25:52,976 - ERROR - Failed to save embedding for item 1528: 'str' object is not callable
2025-10-17 07:25:52,976 - ERROR - Failed to save embedding for item 1529: 'str' object is not callable
2025-10-17 07:25:52,976 - ERROR - Failed to save embedding for item 1530: 'str' object is not callable
2025-10-17 07:25:52,977 - ERROR - Failed to save embedding for item 1531: 'str' object is not callable
2025-10-17 07:25:52,977 - ERROR - Failed to save embedding for item 1532: 'str' object is not callable
2025-10-17 07:25:52,978 - ERROR - Failed to save embedding for item 1533: 'str' object is not callable
2025-10-17 07:25:52,978 - ERROR - Failed to save embedding for item 1534: 'str' object is not callable
2025-10-17 07:25:52,978 - ERROR - Failed to save embedding for item 1535: 'str' object is not callable
2025-10-17 07:25:52,979 - ERROR - Failed to save embedding for item 1536: 'str' object is not callable
2025-10-17 07:25:52,979 - ERROR - Failed to save embedding for item 1537: 'str' object is not callable
2025-10-17 07:25:52,980 - ERROR - Failed to save embedding for item 1538: 'str' object is not callable
2025-10-17 07:25:52,980 - ERROR - Failed to save embedding for item 1539: 'str' object is not callable
2025-10-17 07:25:52,980 - ERROR - Failed to save embedding for item 1540: 'str' object is not callable
2025-10-17 07:25:52,981 - ERROR - Failed to save embedding for item 1541: 'str' object is not callable
2025-10-17 07:25:52,981 - ERROR - Failed to save embedding for item 1542: 'str' object is not callable
2025-10-17 07:25:52,982 - ERROR - Failed to save embedding for item 1543: 'str' object is not callable
2025-10-17 07:25:52,982 - ERROR - Failed to save embedding for item 1544: 'str' object is not callable
2025-10-17 07:25:52,982 - ERROR - Failed to save embedding for item 1545: 'str' object is not callable
2025-10-17 07:25:52,983 - ERROR - Failed to save embedding for item 1546: 'str' object is not callable
2025-10-17 07:25:52,983 - ERROR - Failed to save embedding for item 1547: 'str' object is not callable
2025-10-17 07:25:52,984 - ERROR - Failed to save embedding for item 1549: 'str' object is not callable
2025-10-17 07:25:52,984 - ERROR - Failed to save embedding for item 1550: 'str' object is not callable
2025-10-17 07:25:52,984 - ERROR - Failed to save embedding for item 1551: 'str' object is not callable
2025-10-17 07:25:54,070 - ERROR - Failed to save embedding for item 1552: 'str' object is not callable
2025-10-17 07:25:54,070 - ERROR - Failed to save embedding for item 1553: 'str' object is not callable
2025-10-17 07:25:54,070 - ERROR - Failed to save embedding for item 1554: 'str' object is not callable
2025-10-17 07:25:54,071 - ERROR - Failed to save embedding for item 1555: 'str' object is not callable
2025-10-17 07:25:54,071 - ERROR - Failed to save embedding for item 1556: 'str' object is not callable
2025-10-17 07:25:54,072 - ERROR - Failed to save embedding for item 1557: 'str' object is not callable
2025-10-17 07:25:54,072 - ERROR - Failed to save embedding for item 1558: 'str' object is not callable
2025-10-17 07:25:54,072 - ERROR - Failed to save embedding for item 1559: 'str' object is not callable
2025-10-17 07:25:54,072 - ERROR - Failed to save embedding for item 1560: 'str' object is not callable
2025-10-17 07:25:54,073 - ERROR - Failed to save embedding for item 1561: 'str' object is not callable
2025-10-17 07:25:54,073 - ERROR - Failed to save embedding for item 1562: 'str' object is not callable
2025-10-17 07:25:54,073 - ERROR - Failed to save embedding for item 1563: 'str' object is not callable
2025-10-17 07:25:54,074 - ERROR - Failed to save embedding for item 1564: 'str' object is not callable
2025-10-17 07:25:54,074 - ERROR - Failed to save embedding for item 1565: 'str' object is not callable
2025-10-17 07:25:54,074 - ERROR - Failed to save embedding for item 1566: 'str' object is not callable
2025-10-17 07:25:54,074 - ERROR - Failed to save embedding for item 1567: 'str' object is not callable
2025-10-17 07:25:54,075 - ERROR - Failed to save embedding for item 1568: 'str' object is not callable
2025-10-17 07:25:54,075 - ERROR - Failed to save embedding for item 1569: 'str' object is not callable
2025-10-17 07:25:54,075 - ERROR - Failed to save embedding for item 1570: 'str' object is not callable
2025-10-17 07:25:54,075 - ERROR - Failed to save embedding for item 1571: 'str' object is not callable
2025-10-17 07:25:54,076 - ERROR - Failed to save embedding for item 1572: 'str' object is not callable
2025-10-17 07:25:54,076 - ERROR - Failed to save embedding for item 1573: 'str' object is not callable
2025-10-17 07:25:54,076 - ERROR - Failed to save embedding for item 1574: 'str' object is not callable
2025-10-17 07:25:54,077 - ERROR - Failed to save embedding for item 1575: 'str' object is not callable
2025-10-17 07:25:54,077 - ERROR - Failed to save embedding for item 1576: 'str' object is not callable
2025-10-17 07:25:54,077 - ERROR - Failed to save embedding for item 1577: 'str' object is not callable
2025-10-17 07:25:54,077 - ERROR - Failed to save embedding for item 1578: 'str' object is not callable
2025-10-17 07:25:54,078 - ERROR - Failed to save embedding for item 1579: 'str' object is not callable
2025-10-17 07:25:54,078 - ERROR - Failed to save embedding for item 1580: 'str' object is not callable
2025-10-17 07:25:54,078 - ERROR - Failed to save embedding for item 1581: 'str' object is not callable
2025-10-17 07:25:54,078 - ERROR - Failed to save embedding for item 1582: 'str' object is not callable
2025-10-17 07:25:54,079 - ERROR - Failed to save embedding for item 1583: 'str' object is not callable
2025-10-17 07:25:54,079 - ERROR - Failed to save embedding for item 1584: 'str' object is not callable
2025-10-17 07:25:54,079 - ERROR - Failed to save embedding for item 1585: 'str' object is not callable
2025-10-17 07:25:54,080 - ERROR - Failed to save embedding for item 1586: 'str' object is not callable
2025-10-17 07:25:54,080 - ERROR - Failed to save embedding for item 1587: 'str' object is not callable
2025-10-17 07:25:54,080 - ERROR - Failed to save embedding for item 1588: 'str' object is not callable
2025-10-17 07:25:54,080 - ERROR - Failed to save embedding for item 1589: 'str' object is not callable
2025-10-17 07:25:54,081 - ERROR - Failed to save embedding for item 1590: 'str' object is not callable
2025-10-17 07:25:54,081 - ERROR - Failed to save embedding for item 1591: 'str' object is not callable
2025-10-17 07:25:54,081 - ERROR - Failed to save embedding for item 1592: 'str' object is not callable
2025-10-17 07:25:54,081 - ERROR - Failed to save embedding for item 1593: 'str' object is not callable
2025-10-17 07:25:54,082 - ERROR - Failed to save embedding for item 1594: 'str' object is not callable
2025-10-17 07:25:54,082 - ERROR - Failed to save embedding for item 1595: 'str' object is not callable
2025-10-17 07:25:54,082 - ERROR - Failed to save embedding for item 1596: 'str' object is not callable
2025-10-17 07:25:54,083 - ERROR - Failed to save embedding for item 1597: 'str' object is not callable
2025-10-17 07:25:54,083 - ERROR - Failed to save embedding for item 1598: 'str' object is not callable
2025-10-17 07:25:54,083 - ERROR - Failed to save embedding for item 1599: 'str' object is not callable
2025-10-17 07:25:54,084 - ERROR - Failed to save embedding for item 1601: 'str' object is not callable
2025-10-17 07:25:54,084 - ERROR - Failed to save embedding for item 1602: 'str' object is not callable
2025-10-17 07:25:55,162 - ERROR - Failed to save embedding for item 1603: 'str' object is not callable
2025-10-17 07:25:55,163 - ERROR - Failed to save embedding for item 1604: 'str' object is not callable
2025-10-17 07:25:55,163 - ERROR - Failed to save embedding for item 1605: 'str' object is not callable
2025-10-17 07:25:55,164 - ERROR - Failed to save embedding for item 1606: 'str' object is not callable
2025-10-17 07:25:55,164 - ERROR - Failed to save embedding for item 1607: 'str' object is not callable
2025-10-17 07:25:55,165 - ERROR - Failed to save embedding for item 1608: 'str' object is not callable
2025-10-17 07:25:55,165 - ERROR - Failed to save embedding for item 1609: 'str' object is not callable
2025-10-17 07:25:55,165 - ERROR - Failed to save embedding for item 1014: 'str' object is not callable
2025-10-17 07:25:55,166 - ERROR - Failed to save embedding for item 1610: 'str' object is not callable
2025-10-17 07:25:55,166 - ERROR - Failed to save embedding for item 1611: 'str' object is not callable
2025-10-17 07:25:55,167 - ERROR - Failed to save embedding for item 1612: 'str' object is not callable
2025-10-17 07:25:55,167 - ERROR - Failed to save embedding for item 1613: 'str' object is not callable
2025-10-17 07:25:55,167 - ERROR - Failed to save embedding for item 1614: 'str' object is not callable
2025-10-17 07:25:55,168 - ERROR - Failed to save embedding for item 1615: 'str' object is not callable
2025-10-17 07:25:55,168 - ERROR - Failed to save embedding for item 1616: 'str' object is not callable
2025-10-17 07:25:55,169 - ERROR - Failed to save embedding for item 1617: 'str' object is not callable
2025-10-17 07:25:55,169 - ERROR - Failed to save embedding for item 1618: 'str' object is not callable
2025-10-17 07:25:55,169 - ERROR - Failed to save embedding for item 1619: 'str' object is not callable
2025-10-17 07:25:55,170 - ERROR - Failed to save embedding for item 1621: 'str' object is not callable
2025-10-17 07:25:55,170 - ERROR - Failed to save embedding for item 1623: 'str' object is not callable
2025-10-17 07:25:55,170 - ERROR - Failed to save embedding for item 1624: 'str' object is not callable
2025-10-17 07:25:55,170 - ERROR - Failed to save embedding for item 1625: 'str' object is not callable
2025-10-17 07:25:55,171 - ERROR - Failed to save embedding for item 1626: 'str' object is not callable
2025-10-17 07:25:55,171 - ERROR - Failed to save embedding for item 1628: 'str' object is not callable
2025-10-17 07:25:55,171 - ERROR - Failed to save embedding for item 1630: 'str' object is not callable
2025-10-17 07:25:55,172 - ERROR - Failed to save embedding for item 1631: 'str' object is not callable
2025-10-17 07:25:55,172 - ERROR - Failed to save embedding for item 1632: 'str' object is not callable
2025-10-17 07:25:55,172 - ERROR - Failed to save embedding for item 1633: 'str' object is not callable
2025-10-17 07:25:55,173 - ERROR - Failed to save embedding for item 1637: 'str' object is not callable
2025-10-17 07:25:55,173 - ERROR - Failed to save embedding for item 1638: 'str' object is not callable
2025-10-17 07:25:55,173 - ERROR - Failed to save embedding for item 1639: 'str' object is not callable
2025-10-17 07:25:55,173 - ERROR - Failed to save embedding for item 1640: 'str' object is not callable
2025-10-17 07:25:55,174 - ERROR - Failed to save embedding for item 1641: 'str' object is not callable
2025-10-17 07:25:55,174 - ERROR - Failed to save embedding for item 1642: 'str' object is not callable
2025-10-17 07:25:55,174 - ERROR - Failed to save embedding for item 1644: 'str' object is not callable
2025-10-17 07:25:55,174 - ERROR - Failed to save embedding for item 1646: 'str' object is not callable
2025-10-17 07:25:55,175 - ERROR - Failed to save embedding for item 1652: 'str' object is not callable
2025-10-17 07:25:55,175 - ERROR - Failed to save embedding for item 1655: 'str' object is not callable
2025-10-17 07:25:55,175 - ERROR - Failed to save embedding for item 1656: 'str' object is not callable
2025-10-17 07:25:55,176 - ERROR - Failed to save embedding for item 1658: 'str' object is not callable
2025-10-17 07:25:55,176 - ERROR - Failed to save embedding for item 1660: 'str' object is not callable
2025-10-17 07:25:55,176 - ERROR - Failed to save embedding for item 1663: 'str' object is not callable
2025-10-17 07:25:55,176 - ERROR - Failed to save embedding for item 1664: 'str' object is not callable
2025-10-17 07:25:55,177 - ERROR - Failed to save embedding for item 1665: 'str' object is not callable
2025-10-17 07:25:55,177 - ERROR - Failed to save embedding for item 1667: 'str' object is not callable
2025-10-17 07:25:55,177 - ERROR - Failed to save embedding for item 1668: 'str' object is not callable
2025-10-17 07:25:55,177 - ERROR - Failed to save embedding for item 1669: 'str' object is not callable
2025-10-17 07:25:55,178 - ERROR - Failed to save embedding for item 1670: 'str' object is not callable
2025-10-17 07:25:55,178 - ERROR - Failed to save embedding for item 1671: 'str' object is not callable
2025-10-17 07:25:55,178 - ERROR - Failed to save embedding for item 1672: 'str' object is not callable
2025-10-17 07:25:56,180 - ERROR - Failed to save embedding for item 1674: 'str' object is not callable
2025-10-17 07:25:56,180 - ERROR - Failed to save embedding for item 1675: 'str' object is not callable
2025-10-17 07:25:56,181 - ERROR - Failed to save embedding for item 1676: 'str' object is not callable
2025-10-17 07:25:56,181 - ERROR - Failed to save embedding for item 1677: 'str' object is not callable
2025-10-17 07:25:56,182 - ERROR - Failed to save embedding for item 1678: 'str' object is not callable
2025-10-17 07:25:56,182 - ERROR - Failed to save embedding for item 1679: 'str' object is not callable
2025-10-17 07:25:56,182 - ERROR - Failed to save embedding for item 1681: 'str' object is not callable
2025-10-17 07:25:56,183 - ERROR - Failed to save embedding for item 1682: 'str' object is not callable
2025-10-17 07:25:56,183 - ERROR - Failed to save embedding for item 1683: 'str' object is not callable
2025-10-17 07:25:56,184 - ERROR - Failed to save embedding for item 1684: 'str' object is not callable
2025-10-17 07:25:56,184 - ERROR - Failed to save embedding for item 1685: 'str' object is not callable
2025-10-17 07:25:56,184 - ERROR - Failed to save embedding for item 1686: 'str' object is not callable
2025-10-17 07:25:56,185 - ERROR - Failed to save embedding for item 1687: 'str' object is not callable
2025-10-17 07:25:56,185 - ERROR - Failed to save embedding for item 1643: 'str' object is not callable
2025-10-17 07:25:56,186 - ERROR - Failed to save embedding for item 1688: 'str' object is not callable
2025-10-17 07:25:56,186 - ERROR - Failed to save embedding for item 1690: 'str' object is not callable
2025-10-17 07:25:56,187 - ERROR - Failed to save embedding for item 1659: 'str' object is not callable
2025-10-17 07:25:56,187 - ERROR - Failed to save embedding for item 1620: 'str' object is not callable
2025-10-17 07:25:56,187 - ERROR - Failed to save embedding for item 1691: 'str' object is not callable
2025-10-17 07:25:56,188 - ERROR - Failed to save embedding for item 1635: 'str' object is not callable
2025-10-17 07:25:56,188 - ERROR - Failed to save embedding for item 1694: 'str' object is not callable
2025-10-17 07:25:56,189 - ERROR - Failed to save embedding for item 1695: 'str' object is not callable
2025-10-17 07:25:56,189 - ERROR - Failed to save embedding for item 1696: 'str' object is not callable
2025-10-17 07:25:56,189 - ERROR - Failed to save embedding for item 1645: 'str' object is not callable
2025-10-17 07:25:56,190 - ERROR - Failed to save embedding for item 1697: 'str' object is not callable
2025-10-17 07:25:56,190 - ERROR - Failed to save embedding for item 1699: 'str' object is not callable
2025-10-17 07:25:56,191 - ERROR - Failed to save embedding for item 1650: 'str' object is not callable
2025-10-17 07:25:56,191 - ERROR - Failed to save embedding for item 1702: 'str' object is not callable
2025-10-17 07:25:56,191 - ERROR - Failed to save embedding for item 1657: 'str' object is not callable
2025-10-17 07:25:56,192 - ERROR - Failed to save embedding for item 1704: 'str' object is not callable
2025-10-17 07:25:56,192 - ERROR - Failed to save embedding for item 1705: 'str' object is not callable
2025-10-17 07:25:56,193 - ERROR - Failed to save embedding for item 1666: 'str' object is not callable
2025-10-17 07:25:56,193 - ERROR - Failed to save embedding for item 1680: 'str' object is not callable
2025-10-17 07:25:56,193 - ERROR - Failed to save embedding for item 1706: 'str' object is not callable
2025-10-17 07:25:56,194 - ERROR - Failed to save embedding for item 1707: 'str' object is not callable
2025-10-17 07:25:56,194 - ERROR - Failed to save embedding for item 1708: 'str' object is not callable
2025-10-17 07:25:56,195 - ERROR - Failed to save embedding for item 1709: 'str' object is not callable
2025-10-17 07:25:56,195 - ERROR - Failed to save embedding for item 1710: 'str' object is not callable
2025-10-17 07:25:56,196 - ERROR - Failed to save embedding for item 1711: 'str' object is not callable
2025-10-17 07:25:56,196 - ERROR - Failed to save embedding for item 1693: 'str' object is not callable
2025-10-17 07:25:56,196 - ERROR - Failed to save embedding for item 1636: 'str' object is not callable
2025-10-17 07:25:56,197 - ERROR - Failed to save embedding for item 1712: 'str' object is not callable
2025-10-17 07:25:56,197 - ERROR - Failed to save embedding for item 1713: 'str' object is not callable
2025-10-17 07:25:56,198 - ERROR - Failed to save embedding for item 1689: 'str' object is not callable
2025-10-17 07:25:56,198 - ERROR - Failed to save embedding for item 1714: 'str' object is not callable
2025-10-17 07:25:56,198 - ERROR - Failed to save embedding for item 1700: 'str' object is not callable
2025-10-17 07:25:56,199 - ERROR - Failed to save embedding for item 1648: 'str' object is not callable
2025-10-17 07:25:56,199 - ERROR - Failed to save embedding for item 1715: 'str' object is not callable
2025-10-17 07:25:56,200 - ERROR - Failed to save embedding for item 1627: 'str' object is not callable
2025-10-17 07:25:56,200 - ERROR - Failed to save embedding for item 1716: 'str' object is not callable
2025-10-17 07:25:57,260 - ERROR - Failed to save embedding for item 1661: 'str' object is not callable
2025-10-17 07:25:57,261 - ERROR - Failed to save embedding for item 1662: 'str' object is not callable
2025-10-17 07:25:57,261 - ERROR - Failed to save embedding for item 1717: 'str' object is not callable
2025-10-17 07:25:57,261 - ERROR - Failed to save embedding for item 1718: 'str' object is not callable
2025-10-17 07:25:57,262 - ERROR - Failed to save embedding for item 1719: 'str' object is not callable
2025-10-17 07:25:57,262 - ERROR - Failed to save embedding for item 1720: 'str' object is not callable
2025-10-17 07:25:57,262 - ERROR - Failed to save embedding for item 1721: 'str' object is not callable
2025-10-17 07:25:57,262 - ERROR - Failed to save embedding for item 1722: 'str' object is not callable
2025-10-17 07:25:57,263 - ERROR - Failed to save embedding for item 1723: 'str' object is not callable
2025-10-17 07:25:57,263 - ERROR - Failed to save embedding for item 1724: 'str' object is not callable
2025-10-17 07:25:57,263 - ERROR - Failed to save embedding for item 1725: 'str' object is not callable
2025-10-17 07:25:57,263 - ERROR - Failed to save embedding for item 1634: 'str' object is not callable
2025-10-17 07:25:57,264 - ERROR - Failed to save embedding for item 1726: 'str' object is not callable
2025-10-17 07:25:57,264 - ERROR - Failed to save embedding for item 1727: 'str' object is not callable
2025-10-17 07:25:57,264 - ERROR - Failed to save embedding for item 1622: 'str' object is not callable
2025-10-17 07:25:57,265 - ERROR - Failed to save embedding for item 1728: 'str' object is not callable
2025-10-17 07:25:57,265 - ERROR - Failed to save embedding for item 1729: 'str' object is not callable
2025-10-17 07:25:57,265 - ERROR - Failed to save embedding for item 1730: 'str' object is not callable
2025-10-17 07:25:57,265 - ERROR - Failed to save embedding for item 1731: 'str' object is not callable
2025-10-17 07:25:57,266 - ERROR - Failed to save embedding for item 1732: 'str' object is not callable
2025-10-17 07:25:57,266 - ERROR - Failed to save embedding for item 1733: 'str' object is not callable
2025-10-17 07:25:57,266 - ERROR - Failed to save embedding for item 1734: 'str' object is not callable
2025-10-17 07:25:57,266 - ERROR - Failed to save embedding for item 1735: 'str' object is not callable
2025-10-17 07:25:57,267 - ERROR - Failed to save embedding for item 1736: 'str' object is not callable
2025-10-17 07:25:57,267 - ERROR - Failed to save embedding for item 1649: 'str' object is not callable
2025-10-17 07:25:57,267 - ERROR - Failed to save embedding for item 1898: 'str' object is not callable
2025-10-17 07:25:57,268 - ERROR - Failed to save embedding for item 1701: 'str' object is not callable
2025-10-17 07:25:57,268 - ERROR - Failed to save embedding for item 1651: 'str' object is not callable
2025-10-17 07:25:57,268 - ERROR - Failed to save embedding for item 1673: 'str' object is not callable
2025-10-17 07:25:57,268 - ERROR - Failed to save embedding for item 1653: 'str' object is not callable
2025-10-17 07:25:57,269 - ERROR - Failed to save embedding for item 1654: 'str' object is not callable
2025-10-17 07:25:57,269 - ERROR - Failed to save embedding for item 1737: 'str' object is not callable
2025-10-17 07:25:57,270 - ERROR - Failed to save embedding for item 1703: 'str' object is not callable
2025-10-17 07:25:57,270 - ERROR - Failed to save embedding for item 1738: 'str' object is not callable
2025-10-17 07:25:57,270 - ERROR - Failed to save embedding for item 1739: 'str' object is not callable
2025-10-17 07:25:57,271 - ERROR - Failed to save embedding for item 1740: 'str' object is not callable
2025-10-17 07:25:57,271 - ERROR - Failed to save embedding for item 1741: 'str' object is not callable
2025-10-17 07:25:57,272 - ERROR - Failed to save embedding for item 1692: 'str' object is not callable
2025-10-17 07:25:57,272 - ERROR - Failed to save embedding for item 1742: 'str' object is not callable
2025-10-17 07:25:57,272 - ERROR - Failed to save embedding for item 1647: 'str' object is not callable
2025-10-17 07:25:57,273 - ERROR - Failed to save embedding for item 1743: 'str' object is not callable
2025-10-17 07:25:57,273 - ERROR - Failed to save embedding for item 1629: 'str' object is not callable
2025-10-17 07:25:57,274 - ERROR - Failed to save embedding for item 1744: 'str' object is not callable
2025-10-17 07:25:57,274 - ERROR - Failed to save embedding for item 1745: 'str' object is not callable
2025-10-17 07:25:57,275 - ERROR - Failed to save embedding for item 1746: 'str' object is not callable
2025-10-17 07:25:57,275 - ERROR - Failed to save embedding for item 1747: 'str' object is not callable
2025-10-17 07:25:57,275 - ERROR - Failed to save embedding for item 1748: 'str' object is not callable
2025-10-17 07:25:57,276 - ERROR - Failed to save embedding for item 1749: 'str' object is not callable
2025-10-17 07:25:57,276 - ERROR - Failed to save embedding for item 1750: 'str' object is not callable
2025-10-17 07:25:57,277 - ERROR - Failed to save embedding for item 1751: 'str' object is not callable
2025-10-17 07:25:58,323 - ERROR - Failed to save embedding for item 1752: 'str' object is not callable
2025-10-17 07:25:58,324 - ERROR - Failed to save embedding for item 1753: 'str' object is not callable
2025-10-17 07:25:58,324 - ERROR - Failed to save embedding for item 1754: 'str' object is not callable
2025-10-17 07:25:58,325 - ERROR - Failed to save embedding for item 1755: 'str' object is not callable
2025-10-17 07:25:58,325 - ERROR - Failed to save embedding for item 1756: 'str' object is not callable
2025-10-17 07:25:58,326 - ERROR - Failed to save embedding for item 1757: 'str' object is not callable
2025-10-17 07:25:58,326 - ERROR - Failed to save embedding for item 1758: 'str' object is not callable
2025-10-17 07:25:58,326 - ERROR - Failed to save embedding for item 1759: 'str' object is not callable
2025-10-17 07:25:58,327 - ERROR - Failed to save embedding for item 1760: 'str' object is not callable
2025-10-17 07:25:58,327 - ERROR - Failed to save embedding for item 1761: 'str' object is not callable
2025-10-17 07:25:58,328 - ERROR - Failed to save embedding for item 1762: 'str' object is not callable
2025-10-17 07:25:58,328 - ERROR - Failed to save embedding for item 1764: 'str' object is not callable
2025-10-17 07:25:58,328 - ERROR - Failed to save embedding for item 1765: 'str' object is not callable
2025-10-17 07:25:58,328 - ERROR - Failed to save embedding for item 1766: 'str' object is not callable
2025-10-17 07:25:58,329 - ERROR - Failed to save embedding for item 1767: 'str' object is not callable
2025-10-17 07:25:58,329 - ERROR - Failed to save embedding for item 1768: 'str' object is not callable
2025-10-17 07:25:58,329 - ERROR - Failed to save embedding for item 1769: 'str' object is not callable
2025-10-17 07:25:58,330 - ERROR - Failed to save embedding for item 1770: 'str' object is not callable
2025-10-17 07:25:58,330 - ERROR - Failed to save embedding for item 1771: 'str' object is not callable
2025-10-17 07:25:58,330 - ERROR - Failed to save embedding for item 1772: 'str' object is not callable
2025-10-17 07:25:58,330 - ERROR - Failed to save embedding for item 1773: 'str' object is not callable
2025-10-17 07:25:58,331 - ERROR - Failed to save embedding for item 1774: 'str' object is not callable
2025-10-17 07:25:58,331 - ERROR - Failed to save embedding for item 1775: 'str' object is not callable
2025-10-17 07:25:58,331 - ERROR - Failed to save embedding for item 1776: 'str' object is not callable
2025-10-17 07:25:58,331 - ERROR - Failed to save embedding for item 1777: 'str' object is not callable
2025-10-17 07:25:58,332 - ERROR - Failed to save embedding for item 1778: 'str' object is not callable
2025-10-17 07:25:58,332 - ERROR - Failed to save embedding for item 1779: 'str' object is not callable
2025-10-17 07:25:58,332 - ERROR - Failed to save embedding for item 1780: 'str' object is not callable
2025-10-17 07:25:58,332 - ERROR - Failed to save embedding for item 1781: 'str' object is not callable
2025-10-17 07:25:58,333 - ERROR - Failed to save embedding for item 1782: 'str' object is not callable
2025-10-17 07:25:58,333 - ERROR - Failed to save embedding for item 1783: 'str' object is not callable
2025-10-17 07:25:58,333 - ERROR - Failed to save embedding for item 1784: 'str' object is not callable
2025-10-17 07:25:58,334 - ERROR - Failed to save embedding for item 1785: 'str' object is not callable
2025-10-17 07:25:58,334 - ERROR - Failed to save embedding for item 1786: 'str' object is not callable
2025-10-17 07:25:58,334 - ERROR - Failed to save embedding for item 1787: 'str' object is not callable
2025-10-17 07:25:58,334 - ERROR - Failed to save embedding for item 1788: 'str' object is not callable
2025-10-17 07:25:58,335 - ERROR - Failed to save embedding for item 1789: 'str' object is not callable
2025-10-17 07:25:58,335 - ERROR - Failed to save embedding for item 1790: 'str' object is not callable
2025-10-17 07:25:58,335 - ERROR - Failed to save embedding for item 1791: 'str' object is not callable
2025-10-17 07:25:58,335 - ERROR - Failed to save embedding for item 1792: 'str' object is not callable
2025-10-17 07:25:58,336 - ERROR - Failed to save embedding for item 1793: 'str' object is not callable
2025-10-17 07:25:58,336 - ERROR - Failed to save embedding for item 1794: 'str' object is not callable
2025-10-17 07:25:58,336 - ERROR - Failed to save embedding for item 1795: 'str' object is not callable
2025-10-17 07:25:58,336 - ERROR - Failed to save embedding for item 1796: 'str' object is not callable
2025-10-17 07:25:58,337 - ERROR - Failed to save embedding for item 1797: 'str' object is not callable
2025-10-17 07:25:58,337 - ERROR - Failed to save embedding for item 1798: 'str' object is not callable
2025-10-17 07:25:58,337 - ERROR - Failed to save embedding for item 1799: 'str' object is not callable
2025-10-17 07:25:58,337 - ERROR - Failed to save embedding for item 1800: 'str' object is not callable
2025-10-17 07:25:58,338 - ERROR - Failed to save embedding for item 1801: 'str' object is not callable
2025-10-17 07:25:58,338 - ERROR - Failed to save embedding for item 1802: 'str' object is not callable
2025-10-17 07:25:59,432 - ERROR - Failed to save embedding for item 1803: 'str' object is not callable
2025-10-17 07:25:59,433 - ERROR - Failed to save embedding for item 1804: 'str' object is not callable
2025-10-17 07:25:59,433 - ERROR - Failed to save embedding for item 1805: 'str' object is not callable
2025-10-17 07:25:59,433 - ERROR - Failed to save embedding for item 1806: 'str' object is not callable
2025-10-17 07:25:59,434 - ERROR - Failed to save embedding for item 1807: 'str' object is not callable
2025-10-17 07:25:59,434 - ERROR - Failed to save embedding for item 1808: 'str' object is not callable
2025-10-17 07:25:59,434 - ERROR - Failed to save embedding for item 1809: 'str' object is not callable
2025-10-17 07:25:59,434 - ERROR - Failed to save embedding for item 1015: 'str' object is not callable
2025-10-17 07:25:59,435 - ERROR - Failed to save embedding for item 1810: 'str' object is not callable
2025-10-17 07:25:59,435 - ERROR - Failed to save embedding for item 1811: 'str' object is not callable
2025-10-17 07:25:59,435 - ERROR - Failed to save embedding for item 1812: 'str' object is not callable
2025-10-17 07:25:59,435 - ERROR - Failed to save embedding for item 1813: 'str' object is not callable
2025-10-17 07:25:59,436 - ERROR - Failed to save embedding for item 1814: 'str' object is not callable
2025-10-17 07:25:59,436 - ERROR - Failed to save embedding for item 1815: 'str' object is not callable
2025-10-17 07:25:59,436 - ERROR - Failed to save embedding for item 1816: 'str' object is not callable
2025-10-17 07:25:59,436 - ERROR - Failed to save embedding for item 1817: 'str' object is not callable
2025-10-17 07:25:59,437 - ERROR - Failed to save embedding for item 1818: 'str' object is not callable
2025-10-17 07:25:59,437 - ERROR - Failed to save embedding for item 1819: 'str' object is not callable
2025-10-17 07:25:59,438 - ERROR - Failed to save embedding for item 1820: 'str' object is not callable
2025-10-17 07:25:59,438 - ERROR - Failed to save embedding for item 1821: 'str' object is not callable
2025-10-17 07:25:59,439 - ERROR - Failed to save embedding for item 1822: 'str' object is not callable
2025-10-17 07:25:59,439 - ERROR - Failed to save embedding for item 1823: 'str' object is not callable
2025-10-17 07:25:59,439 - ERROR - Failed to save embedding for item 1824: 'str' object is not callable
2025-10-17 07:25:59,440 - ERROR - Failed to save embedding for item 1825: 'str' object is not callable
2025-10-17 07:25:59,440 - ERROR - Failed to save embedding for item 1826: 'str' object is not callable
2025-10-17 07:25:59,441 - ERROR - Failed to save embedding for item 1827: 'str' object is not callable
2025-10-17 07:25:59,441 - ERROR - Failed to save embedding for item 1828: 'str' object is not callable
2025-10-17 07:25:59,441 - ERROR - Failed to save embedding for item 1829: 'str' object is not callable
2025-10-17 07:25:59,442 - ERROR - Failed to save embedding for item 1830: 'str' object is not callable
2025-10-17 07:25:59,442 - ERROR - Failed to save embedding for item 1831: 'str' object is not callable
2025-10-17 07:25:59,443 - ERROR - Failed to save embedding for item 1832: 'str' object is not callable
2025-10-17 07:25:59,443 - ERROR - Failed to save embedding for item 1833: 'str' object is not callable
2025-10-17 07:25:59,443 - ERROR - Failed to save embedding for item 1834: 'str' object is not callable
2025-10-17 07:25:59,444 - ERROR - Failed to save embedding for item 1835: 'str' object is not callable
2025-10-17 07:25:59,444 - ERROR - Failed to save embedding for item 1836: 'str' object is not callable
2025-10-17 07:25:59,445 - ERROR - Failed to save embedding for item 1837: 'str' object is not callable
2025-10-17 07:25:59,445 - ERROR - Failed to save embedding for item 1838: 'str' object is not callable
2025-10-17 07:25:59,445 - ERROR - Failed to save embedding for item 1839: 'str' object is not callable
2025-10-17 07:25:59,446 - ERROR - Failed to save embedding for item 1840: 'str' object is not callable
2025-10-17 07:25:59,446 - ERROR - Failed to save embedding for item 1841: 'str' object is not callable
2025-10-17 07:25:59,447 - ERROR - Failed to save embedding for item 1842: 'str' object is not callable
2025-10-17 07:25:59,447 - ERROR - Failed to save embedding for item 1843: 'str' object is not callable
2025-10-17 07:25:59,447 - ERROR - Failed to save embedding for item 1844: 'str' object is not callable
2025-10-17 07:25:59,448 - ERROR - Failed to save embedding for item 1845: 'str' object is not callable
2025-10-17 07:25:59,448 - ERROR - Failed to save embedding for item 1846: 'str' object is not callable
2025-10-17 07:25:59,449 - ERROR - Failed to save embedding for item 1847: 'str' object is not callable
2025-10-17 07:25:59,449 - ERROR - Failed to save embedding for item 1848: 'str' object is not callable
2025-10-17 07:25:59,449 - ERROR - Failed to save embedding for item 1849: 'str' object is not callable
2025-10-17 07:25:59,450 - ERROR - Failed to save embedding for item 1850: 'str' object is not callable
2025-10-17 07:25:59,450 - ERROR - Failed to save embedding for item 1851: 'str' object is not callable
2025-10-17 07:26:00,557 - ERROR - Failed to save embedding for item 1852: 'str' object is not callable
2025-10-17 07:26:00,557 - ERROR - Failed to save embedding for item 1853: 'str' object is not callable
2025-10-17 07:26:00,557 - ERROR - Failed to save embedding for item 1854: 'str' object is not callable
2025-10-17 07:26:00,558 - ERROR - Failed to save embedding for item 1855: 'str' object is not callable
2025-10-17 07:26:00,558 - ERROR - Failed to save embedding for item 1857: 'str' object is not callable
2025-10-17 07:26:00,558 - ERROR - Failed to save embedding for item 1858: 'str' object is not callable
2025-10-17 07:26:00,558 - ERROR - Failed to save embedding for item 1859: 'str' object is not callable
2025-10-17 07:26:00,559 - ERROR - Failed to save embedding for item 1860: 'str' object is not callable
2025-10-17 07:26:00,559 - ERROR - Failed to save embedding for item 1861: 'str' object is not callable
2025-10-17 07:26:00,559 - ERROR - Failed to save embedding for item 1862: 'str' object is not callable
2025-10-17 07:26:00,560 - ERROR - Failed to save embedding for item 1864: 'str' object is not callable
2025-10-17 07:26:00,560 - ERROR - Failed to save embedding for item 1865: 'str' object is not callable
2025-10-17 07:26:00,560 - ERROR - Failed to save embedding for item 1866: 'str' object is not callable
2025-10-17 07:26:00,560 - ERROR - Failed to save embedding for item 1867: 'str' object is not callable
2025-10-17 07:26:00,561 - ERROR - Failed to save embedding for item 1868: 'str' object is not callable
2025-10-17 07:26:00,561 - ERROR - Failed to save embedding for item 1869: 'str' object is not callable
2025-10-17 07:26:00,561 - ERROR - Failed to save embedding for item 1870: 'str' object is not callable
2025-10-17 07:26:00,561 - ERROR - Failed to save embedding for item 1871: 'str' object is not callable
2025-10-17 07:26:00,562 - ERROR - Failed to save embedding for item 1872: 'str' object is not callable
2025-10-17 07:26:00,562 - ERROR - Failed to save embedding for item 1873: 'str' object is not callable
2025-10-17 07:26:00,562 - ERROR - Failed to save embedding for item 1874: 'str' object is not callable
2025-10-17 07:26:00,563 - ERROR - Failed to save embedding for item 1875: 'str' object is not callable
2025-10-17 07:26:00,563 - ERROR - Failed to save embedding for item 1876: 'str' object is not callable
2025-10-17 07:26:00,563 - ERROR - Failed to save embedding for item 1877: 'str' object is not callable
2025-10-17 07:26:00,564 - ERROR - Failed to save embedding for item 1878: 'str' object is not callable
2025-10-17 07:26:00,564 - ERROR - Failed to save embedding for item 1879: 'str' object is not callable
2025-10-17 07:26:00,565 - ERROR - Failed to save embedding for item 1880: 'str' object is not callable
2025-10-17 07:26:00,565 - ERROR - Failed to save embedding for item 1881: 'str' object is not callable
2025-10-17 07:26:00,565 - ERROR - Failed to save embedding for item 1882: 'str' object is not callable
2025-10-17 07:26:00,566 - ERROR - Failed to save embedding for item 1883: 'str' object is not callable
2025-10-17 07:26:00,566 - ERROR - Failed to save embedding for item 1884: 'str' object is not callable
2025-10-17 07:26:00,567 - ERROR - Failed to save embedding for item 1885: 'str' object is not callable
2025-10-17 07:26:00,567 - ERROR - Failed to save embedding for item 1886: 'str' object is not callable
2025-10-17 07:26:00,567 - ERROR - Failed to save embedding for item 1887: 'str' object is not callable
2025-10-17 07:26:00,568 - ERROR - Failed to save embedding for item 1888: 'str' object is not callable
2025-10-17 07:26:00,568 - ERROR - Failed to save embedding for item 1889: 'str' object is not callable
2025-10-17 07:26:00,569 - ERROR - Failed to save embedding for item 1890: 'str' object is not callable
2025-10-17 07:26:00,569 - ERROR - Failed to save embedding for item 1891: 'str' object is not callable
2025-10-17 07:26:00,569 - ERROR - Failed to save embedding for item 1892: 'str' object is not callable
2025-10-17 07:26:00,570 - ERROR - Failed to save embedding for item 1893: 'str' object is not callable
2025-10-17 07:26:00,570 - ERROR - Failed to save embedding for item 1894: 'str' object is not callable
2025-10-17 07:26:00,571 - ERROR - Failed to save embedding for item 1895: 'str' object is not callable
2025-10-17 07:26:00,571 - ERROR - Failed to save embedding for item 1896: 'str' object is not callable
2025-10-17 07:26:00,572 - ERROR - Failed to save embedding for item 1897: 'str' object is not callable
2025-10-17 07:26:00,572 - ERROR - Failed to save embedding for item 1899: 'str' object is not callable
2025-10-17 07:26:00,572 - ERROR - Failed to save embedding for item 1900: 'str' object is not callable
2025-10-17 07:26:00,573 - ERROR - Failed to save embedding for item 1901: 'str' object is not callable
2025-10-17 07:26:00,573 - ERROR - Failed to save embedding for item 1902: 'str' object is not callable
2025-10-17 07:26:00,574 - ERROR - Failed to save embedding for item 1903: 'str' object is not callable
2025-10-17 07:26:00,574 - ERROR - Failed to save embedding for item 1904: 'str' object is not callable
2025-10-17 07:26:01,648 - ERROR - Failed to save embedding for item 1905: 'str' object is not callable
2025-10-17 07:26:01,648 - ERROR - Failed to save embedding for item 1906: 'str' object is not callable
2025-10-17 07:26:01,649 - ERROR - Failed to save embedding for item 1907: 'str' object is not callable
2025-10-17 07:26:01,649 - ERROR - Failed to save embedding for item 1908: 'str' object is not callable
2025-10-17 07:26:01,650 - ERROR - Failed to save embedding for item 1909: 'str' object is not callable
2025-10-17 07:26:01,650 - ERROR - Failed to save embedding for item 1910: 'str' object is not callable
2025-10-17 07:26:01,650 - ERROR - Failed to save embedding for item 1911: 'str' object is not callable
2025-10-17 07:26:01,651 - ERROR - Failed to save embedding for item 1912: 'str' object is not callable
2025-10-17 07:26:01,651 - ERROR - Failed to save embedding for item 1913: 'str' object is not callable
2025-10-17 07:26:01,652 - ERROR - Failed to save embedding for item 1914: 'str' object is not callable
2025-10-17 07:26:01,652 - ERROR - Failed to save embedding for item 1915: 'str' object is not callable
2025-10-17 07:26:01,653 - ERROR - Failed to save embedding for item 1916: 'str' object is not callable
2025-10-17 07:26:01,653 - ERROR - Failed to save embedding for item 1917: 'str' object is not callable
2025-10-17 07:26:01,653 - ERROR - Failed to save embedding for item 1918: 'str' object is not callable
2025-10-17 07:26:01,654 - ERROR - Failed to save embedding for item 1919: 'str' object is not callable
2025-10-17 07:26:01,654 - ERROR - Failed to save embedding for item 1921: 'str' object is not callable
2025-10-17 07:26:01,655 - ERROR - Failed to save embedding for item 1922: 'str' object is not callable
2025-10-17 07:26:01,655 - ERROR - Failed to save embedding for item 1923: 'str' object is not callable
2025-10-17 07:26:01,655 - ERROR - Failed to save embedding for item 1924: 'str' object is not callable
2025-10-17 07:26:01,656 - ERROR - Failed to save embedding for item 1925: 'str' object is not callable
2025-10-17 07:26:01,656 - ERROR - Failed to save embedding for item 1926: 'str' object is not callable
2025-10-17 07:26:01,657 - ERROR - Failed to save embedding for item 1927: 'str' object is not callable
2025-10-17 07:26:01,657 - ERROR - Failed to save embedding for item 1929: 'str' object is not callable
2025-10-17 07:26:01,657 - ERROR - Failed to save embedding for item 1930: 'str' object is not callable
2025-10-17 07:26:01,658 - ERROR - Failed to save embedding for item 1931: 'str' object is not callable
2025-10-17 07:26:01,658 - ERROR - Failed to save embedding for item 1932: 'str' object is not callable
2025-10-17 07:26:01,658 - ERROR - Failed to save embedding for item 1933: 'str' object is not callable
2025-10-17 07:26:01,658 - ERROR - Failed to save embedding for item 1934: 'str' object is not callable
2025-10-17 07:26:01,659 - ERROR - Failed to save embedding for item 1935: 'str' object is not callable
2025-10-17 07:26:01,659 - ERROR - Failed to save embedding for item 1936: 'str' object is not callable
2025-10-17 07:26:01,659 - ERROR - Failed to save embedding for item 1937: 'str' object is not callable
2025-10-17 07:26:01,659 - ERROR - Failed to save embedding for item 1938: 'str' object is not callable
2025-10-17 07:26:01,660 - ERROR - Failed to save embedding for item 1939: 'str' object is not callable
2025-10-17 07:26:01,660 - ERROR - Failed to save embedding for item 1940: 'str' object is not callable
2025-10-17 07:26:01,660 - ERROR - Failed to save embedding for item 1941: 'str' object is not callable
2025-10-17 07:26:01,660 - ERROR - Failed to save embedding for item 1942: 'str' object is not callable
2025-10-17 07:26:01,661 - ERROR - Failed to save embedding for item 1943: 'str' object is not callable
2025-10-17 07:26:01,661 - ERROR - Failed to save embedding for item 1944: 'str' object is not callable
2025-10-17 07:26:01,661 - ERROR - Failed to save embedding for item 1945: 'str' object is not callable
2025-10-17 07:26:01,662 - ERROR - Failed to save embedding for item 1946: 'str' object is not callable
2025-10-17 07:26:01,662 - ERROR - Failed to save embedding for item 1947: 'str' object is not callable
2025-10-17 07:26:01,662 - ERROR - Failed to save embedding for item 1948: 'str' object is not callable
2025-10-17 07:26:01,662 - ERROR - Failed to save embedding for item 1949: 'str' object is not callable
2025-10-17 07:26:01,663 - ERROR - Failed to save embedding for item 1950: 'str' object is not callable
2025-10-17 07:26:01,663 - ERROR - Failed to save embedding for item 1951: 'str' object is not callable
2025-10-17 07:26:01,663 - ERROR - Failed to save embedding for item 1952: 'str' object is not callable
2025-10-17 07:26:01,663 - ERROR - Failed to save embedding for item 1953: 'str' object is not callable
2025-10-17 07:26:01,664 - ERROR - Failed to save embedding for item 1954: 'str' object is not callable
2025-10-17 07:26:01,664 - ERROR - Failed to save embedding for item 1955: 'str' object is not callable
2025-10-17 07:26:01,664 - ERROR - Failed to save embedding for item 1956: 'str' object is not callable
2025-10-17 07:26:02,809 - ERROR - Failed to save embedding for item 1957: 'str' object is not callable
2025-10-17 07:26:02,810 - ERROR - Failed to save embedding for item 1958: 'str' object is not callable
2025-10-17 07:26:02,810 - ERROR - Failed to save embedding for item 1959: 'str' object is not callable
2025-10-17 07:26:02,810 - ERROR - Failed to save embedding for item 1960: 'str' object is not callable
2025-10-17 07:26:02,811 - ERROR - Failed to save embedding for item 1961: 'str' object is not callable
2025-10-17 07:26:02,811 - ERROR - Failed to save embedding for item 1962: 'str' object is not callable
2025-10-17 07:26:02,811 - ERROR - Failed to save embedding for item 1963: 'str' object is not callable
2025-10-17 07:26:02,812 - ERROR - Failed to save embedding for item 1964: 'str' object is not callable
2025-10-17 07:26:02,812 - ERROR - Failed to save embedding for item 1965: 'str' object is not callable
2025-10-17 07:26:02,812 - ERROR - Failed to save embedding for item 1966: 'str' object is not callable
2025-10-17 07:26:02,812 - ERROR - Failed to save embedding for item 1967: 'str' object is not callable
2025-10-17 07:26:02,813 - ERROR - Failed to save embedding for item 1968: 'str' object is not callable
2025-10-17 07:26:02,813 - ERROR - Failed to save embedding for item 1969: 'str' object is not callable
2025-10-17 07:26:02,813 - ERROR - Failed to save embedding for item 1970: 'str' object is not callable
2025-10-17 07:26:02,813 - ERROR - Failed to save embedding for item 1971: 'str' object is not callable
2025-10-17 07:26:02,814 - ERROR - Failed to save embedding for item 1972: 'str' object is not callable
2025-10-17 07:26:02,814 - ERROR - Failed to save embedding for item 1973: 'str' object is not callable
2025-10-17 07:26:02,814 - ERROR - Failed to save embedding for item 1974: 'str' object is not callable
2025-10-17 07:26:02,815 - ERROR - Failed to save embedding for item 1975: 'str' object is not callable
2025-10-17 07:26:02,815 - ERROR - Failed to save embedding for item 1976: 'str' object is not callable
2025-10-17 07:26:02,815 - ERROR - Failed to save embedding for item 1977: 'str' object is not callable
2025-10-17 07:26:02,815 - ERROR - Failed to save embedding for item 1978: 'str' object is not callable
2025-10-17 07:26:02,816 - ERROR - Failed to save embedding for item 1979: 'str' object is not callable
2025-10-17 07:26:02,816 - ERROR - Failed to save embedding for item 1980: 'str' object is not callable
2025-10-17 07:26:02,816 - ERROR - Failed to save embedding for item 1981: 'str' object is not callable
2025-10-17 07:26:02,816 - ERROR - Failed to save embedding for item 1982: 'str' object is not callable
2025-10-17 07:26:02,817 - ERROR - Failed to save embedding for item 1983: 'str' object is not callable
2025-10-17 07:26:02,817 - ERROR - Failed to save embedding for item 1984: 'str' object is not callable
2025-10-17 07:26:02,817 - ERROR - Failed to save embedding for item 1985: 'str' object is not callable
2025-10-17 07:26:02,818 - ERROR - Failed to save embedding for item 1986: 'str' object is not callable
2025-10-17 07:26:02,818 - ERROR - Failed to save embedding for item 1987: 'str' object is not callable
2025-10-17 07:26:02,818 - ERROR - Failed to save embedding for item 1988: 'str' object is not callable
2025-10-17 07:26:02,818 - ERROR - Failed to save embedding for item 1989: 'str' object is not callable
2025-10-17 07:26:02,819 - ERROR - Failed to save embedding for item 1990: 'str' object is not callable
2025-10-17 07:26:02,819 - ERROR - Failed to save embedding for item 1991: 'str' object is not callable
2025-10-17 07:26:02,819 - ERROR - Failed to save embedding for item 1992: 'str' object is not callable
2025-10-17 07:26:02,819 - ERROR - Failed to save embedding for item 1993: 'str' object is not callable
2025-10-17 07:26:02,820 - ERROR - Failed to save embedding for item 1994: 'str' object is not callable
2025-10-17 07:26:02,820 - ERROR - Failed to save embedding for item 1995: 'str' object is not callable
2025-10-17 07:26:02,820 - ERROR - Failed to save embedding for item 1996: 'str' object is not callable
2025-10-17 07:26:02,820 - ERROR - Failed to save embedding for item 1997: 'str' object is not callable
2025-10-17 07:26:02,821 - ERROR - Failed to save embedding for item 1998: 'str' object is not callable
2025-10-17 07:26:02,821 - ERROR - Failed to save embedding for item 1999: 'str' object is not callable
2025-10-17 07:26:02,821 - ERROR - Failed to save embedding for item 2000: 'str' object is not callable
2025-10-17 07:26:02,822 - ERROR - Failed to save embedding for item 2001: 'str' object is not callable
2025-10-17 07:26:02,822 - ERROR - Failed to save embedding for item 2002: 'str' object is not callable
2025-10-17 07:26:02,822 - ERROR - Failed to save embedding for item 2003: 'str' object is not callable
2025-10-17 07:26:02,823 - ERROR - Failed to save embedding for item 2004: 'str' object is not callable
2025-10-17 07:26:02,823 - ERROR - Failed to save embedding for item 2005: 'str' object is not callable
2025-10-17 07:26:02,823 - ERROR - Failed to save embedding for item 2006: 'str' object is not callable
2025-10-17 07:26:02,832 - INFO - Progress: 2000/2478
2025-10-17 07:26:03,932 - ERROR - Failed to save embedding for item 2007: 'str' object is not callable
2025-10-17 07:26:03,933 - ERROR - Failed to save embedding for item 2008: 'str' object is not callable
2025-10-17 07:26:03,933 - ERROR - Failed to save embedding for item 2009: 'str' object is not callable
2025-10-17 07:26:03,933 - ERROR - Failed to save embedding for item 2010: 'str' object is not callable
2025-10-17 07:26:03,934 - ERROR - Failed to save embedding for item 2011: 'str' object is not callable
2025-10-17 07:26:03,934 - ERROR - Failed to save embedding for item 2012: 'str' object is not callable
2025-10-17 07:26:03,935 - ERROR - Failed to save embedding for item 2013: 'str' object is not callable
2025-10-17 07:26:03,935 - ERROR - Failed to save embedding for item 2014: 'str' object is not callable
2025-10-17 07:26:03,935 - ERROR - Failed to save embedding for item 2015: 'str' object is not callable
2025-10-17 07:26:03,936 - ERROR - Failed to save embedding for item 2016: 'str' object is not callable
2025-10-17 07:26:03,936 - ERROR - Failed to save embedding for item 2017: 'str' object is not callable
2025-10-17 07:26:03,937 - ERROR - Failed to save embedding for item 2018: 'str' object is not callable
2025-10-17 07:26:03,937 - ERROR - Failed to save embedding for item 2019: 'str' object is not callable
2025-10-17 07:26:03,938 - ERROR - Failed to save embedding for item 2020: 'str' object is not callable
2025-10-17 07:26:03,938 - ERROR - Failed to save embedding for item 2021: 'str' object is not callable
2025-10-17 07:26:03,938 - ERROR - Failed to save embedding for item 2022: 'str' object is not callable
2025-10-17 07:26:03,939 - ERROR - Failed to save embedding for item 2023: 'str' object is not callable
2025-10-17 07:26:03,939 - ERROR - Failed to save embedding for item 2024: 'str' object is not callable
2025-10-17 07:26:03,940 - ERROR - Failed to save embedding for item 2025: 'str' object is not callable
2025-10-17 07:26:03,940 - ERROR - Failed to save embedding for item 2026: 'str' object is not callable
2025-10-17 07:26:03,940 - ERROR - Failed to save embedding for item 2027: 'str' object is not callable
2025-10-17 07:26:03,941 - ERROR - Failed to save embedding for item 2028: 'str' object is not callable
2025-10-17 07:26:03,941 - ERROR - Failed to save embedding for item 2060: 'str' object is not callable
2025-10-17 07:26:03,942 - ERROR - Failed to save embedding for item 2029: 'str' object is not callable
2025-10-17 07:26:03,942 - ERROR - Failed to save embedding for item 2030: 'str' object is not callable
2025-10-17 07:26:03,942 - ERROR - Failed to save embedding for item 2031: 'str' object is not callable
2025-10-17 07:26:03,943 - ERROR - Failed to save embedding for item 2032: 'str' object is not callable
2025-10-17 07:26:03,943 - ERROR - Failed to save embedding for item 2033: 'str' object is not callable
2025-10-17 07:26:03,944 - ERROR - Failed to save embedding for item 2034: 'str' object is not callable
2025-10-17 07:26:03,944 - ERROR - Failed to save embedding for item 2035: 'str' object is not callable
2025-10-17 07:26:03,944 - ERROR - Failed to save embedding for item 2036: 'str' object is not callable
2025-10-17 07:26:03,945 - ERROR - Failed to save embedding for item 2037: 'str' object is not callable
2025-10-17 07:26:03,945 - ERROR - Failed to save embedding for item 2038: 'str' object is not callable
2025-10-17 07:26:03,946 - ERROR - Failed to save embedding for item 2039: 'str' object is not callable
2025-10-17 07:26:03,946 - ERROR - Failed to save embedding for item 2040: 'str' object is not callable
2025-10-17 07:26:03,947 - ERROR - Failed to save embedding for item 2041: 'str' object is not callable
2025-10-17 07:26:03,947 - ERROR - Failed to save embedding for item 1548: 'str' object is not callable
2025-10-17 07:26:03,947 - ERROR - Failed to save embedding for item 2042: 'str' object is not callable
2025-10-17 07:26:03,947 - ERROR - Failed to save embedding for item 2043: 'str' object is not callable
2025-10-17 07:26:03,948 - ERROR - Failed to save embedding for item 2044: 'str' object is not callable
2025-10-17 07:26:03,948 - ERROR - Failed to save embedding for item 2045: 'str' object is not callable
2025-10-17 07:26:03,948 - ERROR - Failed to save embedding for item 2046: 'str' object is not callable
2025-10-17 07:26:03,949 - ERROR - Failed to save embedding for item 2047: 'str' object is not callable
2025-10-17 07:26:03,949 - ERROR - Failed to save embedding for item 2048: 'str' object is not callable
2025-10-17 07:26:03,949 - ERROR - Failed to save embedding for item 2049: 'str' object is not callable
2025-10-17 07:26:03,949 - ERROR - Failed to save embedding for item 2050: 'str' object is not callable
2025-10-17 07:26:03,950 - ERROR - Failed to save embedding for item 2051: 'str' object is not callable
2025-10-17 07:26:03,950 - ERROR - Failed to save embedding for item 2052: 'str' object is not callable
2025-10-17 07:26:03,950 - ERROR - Failed to save embedding for item 2053: 'str' object is not callable
2025-10-17 07:26:03,950 - ERROR - Failed to save embedding for item 2054: 'str' object is not callable
2025-10-17 07:26:04,992 - ERROR - Failed to save embedding for item 2055: 'str' object is not callable
2025-10-17 07:26:04,993 - ERROR - Failed to save embedding for item 2056: 'str' object is not callable
2025-10-17 07:26:04,993 - ERROR - Failed to save embedding for item 2057: 'str' object is not callable
2025-10-17 07:26:04,994 - ERROR - Failed to save embedding for item 2058: 'str' object is not callable
2025-10-17 07:26:04,994 - ERROR - Failed to save embedding for item 2059: 'str' object is not callable
2025-10-17 07:26:04,995 - ERROR - Failed to save embedding for item 2061: 'str' object is not callable
2025-10-17 07:26:04,995 - ERROR - Failed to save embedding for item 2062: 'str' object is not callable
2025-10-17 07:26:04,995 - ERROR - Failed to save embedding for item 2063: 'str' object is not callable
2025-10-17 07:26:04,996 - ERROR - Failed to save embedding for item 2064: 'str' object is not callable
2025-10-17 07:26:04,996 - ERROR - Failed to save embedding for item 2065: 'str' object is not callable
2025-10-17 07:26:04,997 - ERROR - Failed to save embedding for item 2066: 'str' object is not callable
2025-10-17 07:26:04,997 - ERROR - Failed to save embedding for item 2067: 'str' object is not callable
2025-10-17 07:26:04,997 - ERROR - Failed to save embedding for item 2068: 'str' object is not callable
2025-10-17 07:26:04,998 - ERROR - Failed to save embedding for item 2069: 'str' object is not callable
2025-10-17 07:26:04,998 - ERROR - Failed to save embedding for item 2070: 'str' object is not callable
2025-10-17 07:26:04,999 - ERROR - Failed to save embedding for item 2071: 'str' object is not callable
2025-10-17 07:26:04,999 - ERROR - Failed to save embedding for item 2072: 'str' object is not callable
2025-10-17 07:26:04,999 - ERROR - Failed to save embedding for item 2073: 'str' object is not callable
2025-10-17 07:26:05,000 - ERROR - Failed to save embedding for item 2074: 'str' object is not callable
2025-10-17 07:26:05,000 - ERROR - Failed to save embedding for item 2075: 'str' object is not callable
2025-10-17 07:26:05,000 - ERROR - Failed to save embedding for item 2076: 'str' object is not callable
2025-10-17 07:26:05,001 - ERROR - Failed to save embedding for item 2077: 'str' object is not callable
2025-10-17 07:26:05,001 - ERROR - Failed to save embedding for item 2078: 'str' object is not callable
2025-10-17 07:26:05,001 - ERROR - Failed to save embedding for item 2079: 'str' object is not callable
2025-10-17 07:26:05,001 - ERROR - Failed to save embedding for item 2080: 'str' object is not callable
2025-10-17 07:26:05,002 - ERROR - Failed to save embedding for item 2081: 'str' object is not callable
2025-10-17 07:26:05,002 - ERROR - Failed to save embedding for item 2082: 'str' object is not callable
2025-10-17 07:26:05,002 - ERROR - Failed to save embedding for item 2083: 'str' object is not callable
2025-10-17 07:26:05,003 - ERROR - Failed to save embedding for item 2084: 'str' object is not callable
2025-10-17 07:26:05,003 - ERROR - Failed to save embedding for item 2085: 'str' object is not callable
2025-10-17 07:26:05,003 - ERROR - Failed to save embedding for item 2086: 'str' object is not callable
2025-10-17 07:26:05,003 - ERROR - Failed to save embedding for item 2087: 'str' object is not callable
2025-10-17 07:26:05,004 - ERROR - Failed to save embedding for item 2088: 'str' object is not callable
2025-10-17 07:26:05,004 - ERROR - Failed to save embedding for item 2090: 'str' object is not callable
2025-10-17 07:26:05,004 - ERROR - Failed to save embedding for item 2091: 'str' object is not callable
2025-10-17 07:26:05,004 - ERROR - Failed to save embedding for item 2092: 'str' object is not callable
2025-10-17 07:26:05,005 - ERROR - Failed to save embedding for item 2093: 'str' object is not callable
2025-10-17 07:26:05,005 - ERROR - Failed to save embedding for item 2094: 'str' object is not callable
2025-10-17 07:26:05,006 - ERROR - Failed to save embedding for item 2095: 'str' object is not callable
2025-10-17 07:26:05,006 - ERROR - Failed to save embedding for item 2097: 'str' object is not callable
2025-10-17 07:26:05,007 - ERROR - Failed to save embedding for item 2098: 'str' object is not callable
2025-10-17 07:26:05,007 - ERROR - Failed to save embedding for item 2102: 'str' object is not callable
2025-10-17 07:26:05,007 - ERROR - Failed to save embedding for item 2103: 'str' object is not callable
2025-10-17 07:26:05,008 - ERROR - Failed to save embedding for item 2104: 'str' object is not callable
2025-10-17 07:26:05,008 - ERROR - Failed to save embedding for item 2105: 'str' object is not callable
2025-10-17 07:26:05,009 - ERROR - Failed to save embedding for item 2106: 'str' object is not callable
2025-10-17 07:26:05,009 - ERROR - Failed to save embedding for item 2107: 'str' object is not callable
2025-10-17 07:26:05,009 - ERROR - Failed to save embedding for item 2108: 'str' object is not callable
2025-10-17 07:26:05,010 - ERROR - Failed to save embedding for item 2109: 'str' object is not callable
2025-10-17 07:26:05,010 - ERROR - Failed to save embedding for item 2110: 'str' object is not callable
2025-10-17 07:26:06,106 - ERROR - Failed to save embedding for item 2111: 'str' object is not callable
2025-10-17 07:26:06,107 - ERROR - Failed to save embedding for item 2114: 'str' object is not callable
2025-10-17 07:26:06,107 - ERROR - Failed to save embedding for item 2116: 'str' object is not callable
2025-10-17 07:26:06,107 - ERROR - Failed to save embedding for item 2117: 'str' object is not callable
2025-10-17 07:26:06,108 - ERROR - Failed to save embedding for item 2118: 'str' object is not callable
2025-10-17 07:26:06,108 - ERROR - Failed to save embedding for item 2119: 'str' object is not callable
2025-10-17 07:26:06,108 - ERROR - Failed to save embedding for item 2120: 'str' object is not callable
2025-10-17 07:26:06,109 - ERROR - Failed to save embedding for item 2121: 'str' object is not callable
2025-10-17 07:26:06,109 - ERROR - Failed to save embedding for item 2122: 'str' object is not callable
2025-10-17 07:26:06,110 - ERROR - Failed to save embedding for item 2123: 'str' object is not callable
2025-10-17 07:26:06,110 - ERROR - Failed to save embedding for item 2124: 'str' object is not callable
2025-10-17 07:26:06,110 - ERROR - Failed to save embedding for item 2125: 'str' object is not callable
2025-10-17 07:26:06,111 - ERROR - Failed to save embedding for item 2126: 'str' object is not callable
2025-10-17 07:26:06,111 - ERROR - Failed to save embedding for item 2127: 'str' object is not callable
2025-10-17 07:26:06,112 - ERROR - Failed to save embedding for item 2128: 'str' object is not callable
2025-10-17 07:26:06,112 - ERROR - Failed to save embedding for item 1698: 'str' object is not callable
2025-10-17 07:26:06,112 - ERROR - Failed to save embedding for item 2129: 'str' object is not callable
2025-10-17 07:26:06,113 - ERROR - Failed to save embedding for item 2089: 'str' object is not callable
2025-10-17 07:26:06,113 - ERROR - Failed to save embedding for item 2130: 'str' object is not callable
2025-10-17 07:26:06,114 - ERROR - Failed to save embedding for item 2131: 'str' object is not callable
2025-10-17 07:26:06,114 - ERROR - Failed to save embedding for item 2132: 'str' object is not callable
2025-10-17 07:26:06,114 - ERROR - Failed to save embedding for item 2133: 'str' object is not callable
2025-10-17 07:26:06,115 - ERROR - Failed to save embedding for item 2134: 'str' object is not callable
2025-10-17 07:26:06,115 - ERROR - Failed to save embedding for item 2135: 'str' object is not callable
2025-10-17 07:26:06,116 - ERROR - Failed to save embedding for item 2136: 'str' object is not callable
2025-10-17 07:26:06,116 - ERROR - Failed to save embedding for item 2137: 'str' object is not callable
2025-10-17 07:26:06,116 - ERROR - Failed to save embedding for item 2138: 'str' object is not callable
2025-10-17 07:26:06,117 - ERROR - Failed to save embedding for item 2139: 'str' object is not callable
2025-10-17 07:26:06,117 - ERROR - Failed to save embedding for item 2140: 'str' object is not callable
2025-10-17 07:26:06,118 - ERROR - Failed to save embedding for item 2141: 'str' object is not callable
2025-10-17 07:26:06,118 - ERROR - Failed to save embedding for item 2142: 'str' object is not callable
2025-10-17 07:26:06,119 - ERROR - Failed to save embedding for item 2143: 'str' object is not callable
2025-10-17 07:26:06,119 - ERROR - Failed to save embedding for item 1856: 'str' object is not callable
2025-10-17 07:26:06,119 - ERROR - Failed to save embedding for item 2144: 'str' object is not callable
2025-10-17 07:26:06,120 - ERROR - Failed to save embedding for item 2145: 'str' object is not callable
2025-10-17 07:26:06,120 - ERROR - Failed to save embedding for item 2146: 'str' object is not callable
2025-10-17 07:26:06,121 - ERROR - Failed to save embedding for item 2147: 'str' object is not callable
2025-10-17 07:26:06,121 - ERROR - Failed to save embedding for item 2148: 'str' object is not callable
2025-10-17 07:26:06,121 - ERROR - Failed to save embedding for item 2149: 'str' object is not callable
2025-10-17 07:26:06,122 - ERROR - Failed to save embedding for item 2150: 'str' object is not callable
2025-10-17 07:26:06,122 - ERROR - Failed to save embedding for item 2101: 'str' object is not callable
2025-10-17 07:26:06,123 - ERROR - Failed to save embedding for item 2099: 'str' object is not callable
2025-10-17 07:26:06,123 - ERROR - Failed to save embedding for item 2152: 'str' object is not callable
2025-10-17 07:26:06,124 - ERROR - Failed to save embedding for item 2153: 'str' object is not callable
2025-10-17 07:26:06,124 - ERROR - Failed to save embedding for item 2154: 'str' object is not callable
2025-10-17 07:26:06,124 - ERROR - Failed to save embedding for item 2155: 'str' object is not callable
2025-10-17 07:26:06,125 - ERROR - Failed to save embedding for item 2156: 'str' object is not callable
2025-10-17 07:26:06,125 - ERROR - Failed to save embedding for item 2157: 'str' object is not callable
2025-10-17 07:26:06,126 - ERROR - Failed to save embedding for item 2158: 'str' object is not callable
2025-10-17 07:26:06,126 - ERROR - Failed to save embedding for item 2159: 'str' object is not callable
2025-10-17 07:26:08,036 - ERROR - Failed to save embedding for item 2160: 'str' object is not callable
2025-10-17 07:26:08,037 - ERROR - Failed to save embedding for item 2161: 'str' object is not callable
2025-10-17 07:26:08,037 - ERROR - Failed to save embedding for item 2162: 'str' object is not callable
2025-10-17 07:26:08,038 - ERROR - Failed to save embedding for item 2163: 'str' object is not callable
2025-10-17 07:26:08,038 - ERROR - Failed to save embedding for item 2164: 'str' object is not callable
2025-10-17 07:26:08,039 - ERROR - Failed to save embedding for item 2165: 'str' object is not callable
2025-10-17 07:26:08,039 - ERROR - Failed to save embedding for item 2166: 'str' object is not callable
2025-10-17 07:26:08,039 - ERROR - Failed to save embedding for item 2167: 'str' object is not callable
2025-10-17 07:26:08,040 - ERROR - Failed to save embedding for item 2168: 'str' object is not callable
2025-10-17 07:26:08,040 - ERROR - Failed to save embedding for item 2169: 'str' object is not callable
2025-10-17 07:26:08,041 - ERROR - Failed to save embedding for item 2170: 'str' object is not callable
2025-10-17 07:26:08,041 - ERROR - Failed to save embedding for item 2171: 'str' object is not callable
2025-10-17 07:26:08,042 - ERROR - Failed to save embedding for item 2172: 'str' object is not callable
2025-10-17 07:26:08,042 - ERROR - Failed to save embedding for item 2173: 'str' object is not callable
2025-10-17 07:26:08,042 - ERROR - Failed to save embedding for item 2115: 'str' object is not callable
2025-10-17 07:26:08,043 - ERROR - Failed to save embedding for item 2113: 'str' object is not callable
2025-10-17 07:26:08,043 - ERROR - Failed to save embedding for item 2174: 'str' object is not callable
2025-10-17 07:26:08,044 - ERROR - Failed to save embedding for item 1928: 'str' object is not callable
2025-10-17 07:26:08,044 - ERROR - Failed to save embedding for item 2175: 'str' object is not callable
2025-10-17 07:26:08,044 - ERROR - Failed to save embedding for item 2176: 'str' object is not callable
2025-10-17 07:26:08,045 - ERROR - Failed to save embedding for item 2177: 'str' object is not callable
2025-10-17 07:26:08,045 - ERROR - Failed to save embedding for item 2112: 'str' object is not callable
2025-10-17 07:26:08,046 - ERROR - Failed to save embedding for item 2178: 'str' object is not callable
2025-10-17 07:26:08,046 - ERROR - Failed to save embedding for item 2179: 'str' object is not callable
2025-10-17 07:26:08,047 - ERROR - Failed to save embedding for item 2180: 'str' object is not callable
2025-10-17 07:26:08,047 - ERROR - Failed to save embedding for item 2181: 'str' object is not callable
2025-10-17 07:26:08,047 - ERROR - Failed to save embedding for item 2182: 'str' object is not callable
2025-10-17 07:26:08,048 - ERROR - Failed to save embedding for item 2183: 'str' object is not callable
2025-10-17 07:26:08,048 - ERROR - Failed to save embedding for item 2096: 'str' object is not callable
2025-10-17 07:26:08,049 - ERROR - Failed to save embedding for item 2184: 'str' object is not callable
2025-10-17 07:26:08,049 - ERROR - Failed to save embedding for item 2185: 'str' object is not callable
2025-10-17 07:26:08,050 - ERROR - Failed to save embedding for item 2186: 'str' object is not callable
2025-10-17 07:26:08,050 - ERROR - Failed to save embedding for item 2187: 'str' object is not callable
2025-10-17 07:26:08,050 - ERROR - Failed to save embedding for item 2188: 'str' object is not callable
2025-10-17 07:26:08,051 - ERROR - Failed to save embedding for item 2189: 'str' object is not callable
2025-10-17 07:26:08,051 - ERROR - Failed to save embedding for item 2190: 'str' object is not callable
2025-10-17 07:26:08,052 - ERROR - Failed to save embedding for item 2191: 'str' object is not callable
2025-10-17 07:26:08,052 - ERROR - Failed to save embedding for item 2192: 'str' object is not callable
2025-10-17 07:26:08,052 - ERROR - Failed to save embedding for item 2193: 'str' object is not callable
2025-10-17 07:26:08,053 - ERROR - Failed to save embedding for item 2194: 'str' object is not callable
2025-10-17 07:26:08,053 - ERROR - Failed to save embedding for item 2195: 'str' object is not callable
2025-10-17 07:26:08,054 - ERROR - Failed to save embedding for item 2196: 'str' object is not callable
2025-10-17 07:26:08,054 - ERROR - Failed to save embedding for item 2197: 'str' object is not callable
2025-10-17 07:26:08,055 - ERROR - Failed to save embedding for item 2198: 'str' object is not callable
2025-10-17 07:26:08,055 - ERROR - Failed to save embedding for item 2199: 'str' object is not callable
2025-10-17 07:26:08,055 - ERROR - Failed to save embedding for item 2200: 'str' object is not callable
2025-10-17 07:26:08,056 - ERROR - Failed to save embedding for item 2201: 'str' object is not callable
2025-10-17 07:26:08,056 - ERROR - Failed to save embedding for item 2202: 'str' object is not callable
2025-10-17 07:26:08,057 - ERROR - Failed to save embedding for item 2203: 'str' object is not callable
2025-10-17 07:26:08,057 - ERROR - Failed to save embedding for item 2204: 'str' object is not callable
2025-10-17 07:26:09,631 - ERROR - Failed to save embedding for item 2205: 'str' object is not callable
2025-10-17 07:26:09,632 - ERROR - Failed to save embedding for item 2206: 'str' object is not callable
2025-10-17 07:26:09,632 - ERROR - Failed to save embedding for item 2207: 'str' object is not callable
2025-10-17 07:26:09,633 - ERROR - Failed to save embedding for item 2208: 'str' object is not callable
2025-10-17 07:26:09,633 - ERROR - Failed to save embedding for item 2209: 'str' object is not callable
2025-10-17 07:26:09,633 - ERROR - Failed to save embedding for item 2210: 'str' object is not callable
2025-10-17 07:26:09,633 - ERROR - Failed to save embedding for item 2211: 'str' object is not callable
2025-10-17 07:26:09,634 - ERROR - Failed to save embedding for item 2100: 'str' object is not callable
2025-10-17 07:26:09,634 - ERROR - Failed to save embedding for item 2212: 'str' object is not callable
2025-10-17 07:26:09,635 - ERROR - Failed to save embedding for item 2213: 'str' object is not callable
2025-10-17 07:26:09,635 - ERROR - Failed to save embedding for item 2214: 'str' object is not callable
2025-10-17 07:26:09,636 - ERROR - Failed to save embedding for item 2215: 'str' object is not callable
2025-10-17 07:26:09,636 - ERROR - Failed to save embedding for item 2216: 'str' object is not callable
2025-10-17 07:26:09,637 - ERROR - Failed to save embedding for item 2217: 'str' object is not callable
2025-10-17 07:26:09,637 - ERROR - Failed to save embedding for item 2218: 'str' object is not callable
2025-10-17 07:26:09,638 - ERROR - Failed to save embedding for item 2219: 'str' object is not callable
2025-10-17 07:26:09,638 - ERROR - Failed to save embedding for item 2220: 'str' object is not callable
2025-10-17 07:26:09,639 - ERROR - Failed to save embedding for item 2221: 'str' object is not callable
2025-10-17 07:26:09,639 - ERROR - Failed to save embedding for item 2329: 'str' object is not callable
2025-10-17 07:26:09,640 - ERROR - Failed to save embedding for item 2222: 'str' object is not callable
2025-10-17 07:26:09,640 - ERROR - Failed to save embedding for item 2223: 'str' object is not callable
2025-10-17 07:26:09,640 - ERROR - Failed to save embedding for item 2224: 'str' object is not callable
2025-10-17 07:26:09,641 - ERROR - Failed to save embedding for item 2225: 'str' object is not callable
2025-10-17 07:26:09,641 - ERROR - Failed to save embedding for item 2226: 'str' object is not callable
2025-10-17 07:26:09,642 - ERROR - Failed to save embedding for item 2227: 'str' object is not callable
2025-10-17 07:26:09,642 - ERROR - Failed to save embedding for item 2228: 'str' object is not callable
2025-10-17 07:26:09,643 - ERROR - Failed to save embedding for item 2229: 'str' object is not callable
2025-10-17 07:26:09,643 - ERROR - Failed to save embedding for item 2230: 'str' object is not callable
2025-10-17 07:26:09,644 - ERROR - Failed to save embedding for item 2231: 'str' object is not callable
2025-10-17 07:26:09,644 - ERROR - Failed to save embedding for item 2232: 'str' object is not callable
2025-10-17 07:26:09,644 - ERROR - Failed to save embedding for item 2233: 'str' object is not callable
2025-10-17 07:26:09,645 - ERROR - Failed to save embedding for item 2234: 'str' object is not callable
2025-10-17 07:26:09,645 - ERROR - Failed to save embedding for item 2235: 'str' object is not callable
2025-10-17 07:26:09,646 - ERROR - Failed to save embedding for item 2236: 'str' object is not callable
2025-10-17 07:26:09,646 - ERROR - Failed to save embedding for item 2237: 'str' object is not callable
2025-10-17 07:26:09,647 - ERROR - Failed to save embedding for item 2238: 'str' object is not callable
2025-10-17 07:26:09,647 - ERROR - Failed to save embedding for item 2239: 'str' object is not callable
2025-10-17 07:26:09,647 - ERROR - Failed to save embedding for item 2241: 'str' object is not callable
2025-10-17 07:26:09,648 - ERROR - Failed to save embedding for item 2242: 'str' object is not callable
2025-10-17 07:26:09,648 - ERROR - Failed to save embedding for item 2243: 'str' object is not callable
2025-10-17 07:26:09,649 - ERROR - Failed to save embedding for item 2244: 'str' object is not callable
2025-10-17 07:26:09,649 - ERROR - Failed to save embedding for item 2245: 'str' object is not callable
2025-10-17 07:26:09,650 - ERROR - Failed to save embedding for item 2246: 'str' object is not callable
2025-10-17 07:26:09,650 - ERROR - Failed to save embedding for item 2247: 'str' object is not callable
2025-10-17 07:26:09,650 - ERROR - Failed to save embedding for item 2248: 'str' object is not callable
2025-10-17 07:26:09,651 - ERROR - Failed to save embedding for item 2249: 'str' object is not callable
2025-10-17 07:26:09,651 - ERROR - Failed to save embedding for item 2250: 'str' object is not callable
2025-10-17 07:26:09,652 - ERROR - Failed to save embedding for item 2251: 'str' object is not callable
2025-10-17 07:26:09,652 - ERROR - Failed to save embedding for item 2252: 'str' object is not callable
2025-10-17 07:26:09,653 - ERROR - Failed to save embedding for item 2253: 'str' object is not callable
2025-10-17 07:26:10,697 - ERROR - Failed to save embedding for item 2254: 'str' object is not callable
2025-10-17 07:26:10,697 - ERROR - Failed to save embedding for item 2255: 'str' object is not callable
2025-10-17 07:26:10,697 - ERROR - Failed to save embedding for item 2330: 'str' object is not callable
2025-10-17 07:26:10,698 - ERROR - Failed to save embedding for item 2256: 'str' object is not callable
2025-10-17 07:26:10,698 - ERROR - Failed to save embedding for item 2257: 'str' object is not callable
2025-10-17 07:26:10,699 - ERROR - Failed to save embedding for item 2258: 'str' object is not callable
2025-10-17 07:26:10,699 - ERROR - Failed to save embedding for item 2259: 'str' object is not callable
2025-10-17 07:26:10,700 - ERROR - Failed to save embedding for item 2260: 'str' object is not callable
2025-10-17 07:26:10,700 - ERROR - Failed to save embedding for item 2261: 'str' object is not callable
2025-10-17 07:26:10,700 - ERROR - Failed to save embedding for item 2262: 'str' object is not callable
2025-10-17 07:26:10,701 - ERROR - Failed to save embedding for item 2263: 'str' object is not callable
2025-10-17 07:26:10,701 - ERROR - Failed to save embedding for item 2264: 'str' object is not callable
2025-10-17 07:26:10,702 - ERROR - Failed to save embedding for item 2265: 'str' object is not callable
2025-10-17 07:26:10,702 - ERROR - Failed to save embedding for item 2266: 'str' object is not callable
2025-10-17 07:26:10,702 - ERROR - Failed to save embedding for item 2267: 'str' object is not callable
2025-10-17 07:26:10,703 - ERROR - Failed to save embedding for item 2268: 'str' object is not callable
2025-10-17 07:26:10,703 - ERROR - Failed to save embedding for item 2269: 'str' object is not callable
2025-10-17 07:26:10,704 - ERROR - Failed to save embedding for item 2270: 'str' object is not callable
2025-10-17 07:26:10,704 - ERROR - Failed to save embedding for item 2271: 'str' object is not callable
2025-10-17 07:26:10,704 - ERROR - Failed to save embedding for item 2272: 'str' object is not callable
2025-10-17 07:26:10,705 - ERROR - Failed to save embedding for item 2273: 'str' object is not callable
2025-10-17 07:26:10,705 - ERROR - Failed to save embedding for item 2274: 'str' object is not callable
2025-10-17 07:26:10,706 - ERROR - Failed to save embedding for item 2275: 'str' object is not callable
2025-10-17 07:26:10,706 - ERROR - Failed to save embedding for item 2276: 'str' object is not callable
2025-10-17 07:26:10,707 - ERROR - Failed to save embedding for item 2277: 'str' object is not callable
2025-10-17 07:26:10,707 - ERROR - Failed to save embedding for item 2278: 'str' object is not callable
2025-10-17 07:26:10,707 - ERROR - Failed to save embedding for item 2279: 'str' object is not callable
2025-10-17 07:26:10,708 - ERROR - Failed to save embedding for item 2280: 'str' object is not callable
2025-10-17 07:26:10,708 - ERROR - Failed to save embedding for item 2281: 'str' object is not callable
2025-10-17 07:26:10,709 - ERROR - Failed to save embedding for item 2282: 'str' object is not callable
2025-10-17 07:26:10,709 - ERROR - Failed to save embedding for item 2283: 'str' object is not callable
2025-10-17 07:26:10,709 - ERROR - Failed to save embedding for item 2284: 'str' object is not callable
2025-10-17 07:26:10,710 - ERROR - Failed to save embedding for item 2285: 'str' object is not callable
2025-10-17 07:26:10,710 - ERROR - Failed to save embedding for item 2286: 'str' object is not callable
2025-10-17 07:26:10,710 - ERROR - Failed to save embedding for item 2287: 'str' object is not callable
2025-10-17 07:26:10,711 - ERROR - Failed to save embedding for item 2288: 'str' object is not callable
2025-10-17 07:26:10,711 - ERROR - Failed to save embedding for item 2289: 'str' object is not callable
2025-10-17 07:26:10,711 - ERROR - Failed to save embedding for item 2290: 'str' object is not callable
2025-10-17 07:26:10,711 - ERROR - Failed to save embedding for item 2291: 'str' object is not callable
2025-10-17 07:26:10,712 - ERROR - Failed to save embedding for item 2292: 'str' object is not callable
2025-10-17 07:26:10,712 - ERROR - Failed to save embedding for item 2293: 'str' object is not callable
2025-10-17 07:26:10,712 - ERROR - Failed to save embedding for item 2294: 'str' object is not callable
2025-10-17 07:26:10,712 - ERROR - Failed to save embedding for item 2295: 'str' object is not callable
2025-10-17 07:26:10,713 - ERROR - Failed to save embedding for item 2296: 'str' object is not callable
2025-10-17 07:26:10,713 - ERROR - Failed to save embedding for item 2297: 'str' object is not callable
2025-10-17 07:26:10,713 - ERROR - Failed to save embedding for item 2298: 'str' object is not callable
2025-10-17 07:26:10,714 - ERROR - Failed to save embedding for item 2299: 'str' object is not callable
2025-10-17 07:26:10,714 - ERROR - Failed to save embedding for item 2300: 'str' object is not callable
2025-10-17 07:26:10,714 - ERROR - Failed to save embedding for item 2301: 'str' object is not callable
2025-10-17 07:26:10,714 - ERROR - Failed to save embedding for item 2302: 'str' object is not callable
2025-10-17 07:26:11,734 - ERROR - Failed to save embedding for item 2303: 'str' object is not callable
2025-10-17 07:26:11,734 - ERROR - Failed to save embedding for item 2304: 'str' object is not callable
2025-10-17 07:26:11,735 - ERROR - Failed to save embedding for item 2305: 'str' object is not callable
2025-10-17 07:26:11,735 - ERROR - Failed to save embedding for item 2306: 'str' object is not callable
2025-10-17 07:26:11,735 - ERROR - Failed to save embedding for item 2307: 'str' object is not callable
2025-10-17 07:26:11,735 - ERROR - Failed to save embedding for item 2308: 'str' object is not callable
2025-10-17 07:26:11,736 - ERROR - Failed to save embedding for item 2309: 'str' object is not callable
2025-10-17 07:26:11,736 - ERROR - Failed to save embedding for item 2310: 'str' object is not callable
2025-10-17 07:26:11,736 - ERROR - Failed to save embedding for item 2311: 'str' object is not callable
2025-10-17 07:26:11,737 - ERROR - Failed to save embedding for item 2312: 'str' object is not callable
2025-10-17 07:26:11,737 - ERROR - Failed to save embedding for item 2313: 'str' object is not callable
2025-10-17 07:26:11,737 - ERROR - Failed to save embedding for item 2314: 'str' object is not callable
2025-10-17 07:26:11,737 - ERROR - Failed to save embedding for item 2315: 'str' object is not callable
2025-10-17 07:26:11,738 - ERROR - Failed to save embedding for item 2316: 'str' object is not callable
2025-10-17 07:26:11,738 - ERROR - Failed to save embedding for item 2317: 'str' object is not callable
2025-10-17 07:26:11,739 - ERROR - Failed to save embedding for item 2318: 'str' object is not callable
2025-10-17 07:26:11,739 - ERROR - Failed to save embedding for item 2319: 'str' object is not callable
2025-10-17 07:26:11,739 - ERROR - Failed to save embedding for item 2320: 'str' object is not callable
2025-10-17 07:26:11,740 - ERROR - Failed to save embedding for item 2321: 'str' object is not callable
2025-10-17 07:26:11,740 - ERROR - Failed to save embedding for item 2322: 'str' object is not callable
2025-10-17 07:26:11,741 - ERROR - Failed to save embedding for item 2323: 'str' object is not callable
2025-10-17 07:26:11,741 - ERROR - Failed to save embedding for item 2324: 'str' object is not callable
2025-10-17 07:26:11,742 - ERROR - Failed to save embedding for item 2325: 'str' object is not callable
2025-10-17 07:26:11,742 - ERROR - Failed to save embedding for item 2326: 'str' object is not callable
2025-10-17 07:26:11,742 - ERROR - Failed to save embedding for item 2327: 'str' object is not callable
2025-10-17 07:26:11,743 - ERROR - Failed to save embedding for item 2328: 'str' object is not callable
2025-10-17 07:26:11,743 - ERROR - Failed to save embedding for item 2335: 'str' object is not callable
2025-10-17 07:26:11,744 - ERROR - Failed to save embedding for item 2336: 'str' object is not callable
2025-10-17 07:26:11,744 - ERROR - Failed to save embedding for item 2337: 'str' object is not callable
2025-10-17 07:26:11,744 - ERROR - Failed to save embedding for item 2338: 'str' object is not callable
2025-10-17 07:26:11,745 - ERROR - Failed to save embedding for item 2339: 'str' object is not callable
2025-10-17 07:26:11,745 - ERROR - Failed to save embedding for item 2340: 'str' object is not callable
2025-10-17 07:26:11,746 - ERROR - Failed to save embedding for item 2341: 'str' object is not callable
2025-10-17 07:26:11,746 - ERROR - Failed to save embedding for item 2342: 'str' object is not callable
2025-10-17 07:26:11,746 - ERROR - Failed to save embedding for item 2343: 'str' object is not callable
2025-10-17 07:26:11,747 - ERROR - Failed to save embedding for item 2344: 'str' object is not callable
2025-10-17 07:26:11,747 - ERROR - Failed to save embedding for item 2345: 'str' object is not callable
2025-10-17 07:26:11,747 - ERROR - Failed to save embedding for item 2346: 'str' object is not callable
2025-10-17 07:26:11,747 - ERROR - Failed to save embedding for item 2347: 'str' object is not callable
2025-10-17 07:26:11,748 - ERROR - Failed to save embedding for item 2348: 'str' object is not callable
2025-10-17 07:26:11,748 - ERROR - Failed to save embedding for item 2349: 'str' object is not callable
2025-10-17 07:26:11,748 - ERROR - Failed to save embedding for item 2350: 'str' object is not callable
2025-10-17 07:26:11,748 - ERROR - Failed to save embedding for item 2351: 'str' object is not callable
2025-10-17 07:26:11,749 - ERROR - Failed to save embedding for item 2352: 'str' object is not callable
2025-10-17 07:26:11,749 - ERROR - Failed to save embedding for item 2353: 'str' object is not callable
2025-10-17 07:26:11,749 - ERROR - Failed to save embedding for item 2354: 'str' object is not callable
2025-10-17 07:26:11,750 - ERROR - Failed to save embedding for item 2355: 'str' object is not callable
2025-10-17 07:26:11,750 - ERROR - Failed to save embedding for item 2356: 'str' object is not callable
2025-10-17 07:26:11,750 - ERROR - Failed to save embedding for item 2357: 'str' object is not callable
2025-10-17 07:26:11,750 - ERROR - Failed to save embedding for item 2358: 'str' object is not callable
2025-10-17 07:26:12,722 - ERROR - Failed to save embedding for item 2359: 'str' object is not callable
2025-10-17 07:26:12,722 - ERROR - Failed to save embedding for item 2360: 'str' object is not callable
2025-10-17 07:26:12,723 - ERROR - Failed to save embedding for item 2361: 'str' object is not callable
2025-10-17 07:26:12,723 - ERROR - Failed to save embedding for item 2362: 'str' object is not callable
2025-10-17 07:26:12,724 - ERROR - Failed to save embedding for item 2363: 'str' object is not callable
2025-10-17 07:26:12,724 - ERROR - Failed to save embedding for item 2364: 'str' object is not callable
2025-10-17 07:26:12,724 - ERROR - Failed to save embedding for item 2365: 'str' object is not callable
2025-10-17 07:26:12,725 - ERROR - Failed to save embedding for item 2151: 'str' object is not callable
2025-10-17 07:26:12,725 - ERROR - Failed to save embedding for item 2366: 'str' object is not callable
2025-10-17 07:26:12,726 - ERROR - Failed to save embedding for item 2367: 'str' object is not callable
2025-10-17 07:26:12,726 - ERROR - Failed to save embedding for item 2368: 'str' object is not callable
2025-10-17 07:26:12,726 - ERROR - Failed to save embedding for item 2369: 'str' object is not callable
2025-10-17 07:26:12,727 - ERROR - Failed to save embedding for item 2370: 'str' object is not callable
2025-10-17 07:26:12,727 - ERROR - Failed to save embedding for item 2371: 'str' object is not callable
2025-10-17 07:26:12,728 - ERROR - Failed to save embedding for item 2372: 'str' object is not callable
2025-10-17 07:26:12,728 - ERROR - Failed to save embedding for item 2373: 'str' object is not callable
2025-10-17 07:26:12,729 - ERROR - Failed to save embedding for item 2374: 'str' object is not callable
2025-10-17 07:26:12,729 - ERROR - Failed to save embedding for item 2375: 'str' object is not callable
2025-10-17 07:26:12,729 - ERROR - Failed to save embedding for item 2376: 'str' object is not callable
2025-10-17 07:26:12,730 - ERROR - Failed to save embedding for item 2377: 'str' object is not callable
2025-10-17 07:26:12,730 - ERROR - Failed to save embedding for item 2378: 'str' object is not callable
2025-10-17 07:26:12,731 - ERROR - Failed to save embedding for item 2379: 'str' object is not callable
2025-10-17 07:26:12,731 - ERROR - Failed to save embedding for item 2380: 'str' object is not callable
2025-10-17 07:26:12,731 - ERROR - Failed to save embedding for item 2381: 'str' object is not callable
2025-10-17 07:26:12,732 - ERROR - Failed to save embedding for item 2382: 'str' object is not callable
2025-10-17 07:26:12,732 - ERROR - Failed to save embedding for item 2383: 'str' object is not callable
2025-10-17 07:26:12,733 - ERROR - Failed to save embedding for item 2384: 'str' object is not callable
2025-10-17 07:26:12,733 - ERROR - Failed to save embedding for item 2385: 'str' object is not callable
2025-10-17 07:26:12,733 - ERROR - Failed to save embedding for item 2386: 'str' object is not callable
2025-10-17 07:26:12,734 - ERROR - Failed to save embedding for item 2387: 'str' object is not callable
2025-10-17 07:26:12,734 - ERROR - Failed to save embedding for item 2388: 'str' object is not callable
2025-10-17 07:26:12,735 - ERROR - Failed to save embedding for item 2389: 'str' object is not callable
2025-10-17 07:26:12,735 - ERROR - Failed to save embedding for item 2390: 'str' object is not callable
2025-10-17 07:26:12,735 - ERROR - Failed to save embedding for item 2391: 'str' object is not callable
2025-10-17 07:26:12,736 - ERROR - Failed to save embedding for item 2392: 'str' object is not callable
2025-10-17 07:26:12,736 - ERROR - Failed to save embedding for item 2393: 'str' object is not callable
2025-10-17 07:26:12,737 - ERROR - Failed to save embedding for item 2394: 'str' object is not callable
2025-10-17 07:26:12,737 - ERROR - Failed to save embedding for item 2395: 'str' object is not callable
2025-10-17 07:26:12,737 - ERROR - Failed to save embedding for item 2396: 'str' object is not callable
2025-10-17 07:26:12,737 - ERROR - Failed to save embedding for item 2397: 'str' object is not callable
2025-10-17 07:26:12,738 - ERROR - Failed to save embedding for item 2398: 'str' object is not callable
2025-10-17 07:26:12,738 - ERROR - Failed to save embedding for item 2399: 'str' object is not callable
2025-10-17 07:26:12,739 - ERROR - Failed to save embedding for item 2400: 'str' object is not callable
2025-10-17 07:26:12,739 - ERROR - Failed to save embedding for item 2401: 'str' object is not callable
2025-10-17 07:26:12,739 - ERROR - Failed to save embedding for item 2402: 'str' object is not callable
2025-10-17 07:26:12,740 - ERROR - Failed to save embedding for item 2403: 'str' object is not callable
2025-10-17 07:26:12,740 - ERROR - Failed to save embedding for item 2404: 'str' object is not callable
2025-10-17 07:26:12,741 - ERROR - Failed to save embedding for item 2405: 'str' object is not callable
2025-10-17 07:26:12,741 - ERROR - Failed to save embedding for item 2406: 'str' object is not callable
2025-10-17 07:26:12,741 - ERROR - Failed to save embedding for item 2407: 'str' object is not callable
2025-10-17 07:26:13,706 - ERROR - Failed to save embedding for item 2408: 'str' object is not callable
2025-10-17 07:26:13,706 - ERROR - Failed to save embedding for item 2409: 'str' object is not callable
2025-10-17 07:26:13,707 - ERROR - Failed to save embedding for item 2410: 'str' object is not callable
2025-10-17 07:26:13,707 - ERROR - Failed to save embedding for item 2411: 'str' object is not callable
2025-10-17 07:26:13,707 - ERROR - Failed to save embedding for item 2412: 'str' object is not callable
2025-10-17 07:26:13,708 - ERROR - Failed to save embedding for item 2413: 'str' object is not callable
2025-10-17 07:26:13,708 - ERROR - Failed to save embedding for item 2414: 'str' object is not callable
2025-10-17 07:26:13,709 - ERROR - Failed to save embedding for item 2415: 'str' object is not callable
2025-10-17 07:26:13,709 - ERROR - Failed to save embedding for item 2416: 'str' object is not callable
2025-10-17 07:26:13,710 - ERROR - Failed to save embedding for item 2417: 'str' object is not callable
2025-10-17 07:26:13,710 - ERROR - Failed to save embedding for item 2418: 'str' object is not callable
2025-10-17 07:26:13,710 - ERROR - Failed to save embedding for item 2419: 'str' object is not callable
2025-10-17 07:26:13,711 - ERROR - Failed to save embedding for item 2420: 'str' object is not callable
2025-10-17 07:26:13,711 - ERROR - Failed to save embedding for item 2421: 'str' object is not callable
2025-10-17 07:26:13,712 - ERROR - Failed to save embedding for item 2422: 'str' object is not callable
2025-10-17 07:26:13,712 - ERROR - Failed to save embedding for item 2423: 'str' object is not callable
2025-10-17 07:26:13,712 - ERROR - Failed to save embedding for item 2424: 'str' object is not callable
2025-10-17 07:26:13,713 - ERROR - Failed to save embedding for item 2425: 'str' object is not callable
2025-10-17 07:26:13,713 - ERROR - Failed to save embedding for item 2426: 'str' object is not callable
2025-10-17 07:26:13,714 - ERROR - Failed to save embedding for item 2427: 'str' object is not callable
2025-10-17 07:26:13,714 - ERROR - Failed to save embedding for item 2428: 'str' object is not callable
2025-10-17 07:26:13,715 - ERROR - Failed to save embedding for item 2429: 'str' object is not callable
2025-10-17 07:26:13,715 - ERROR - Failed to save embedding for item 2430: 'str' object is not callable
2025-10-17 07:26:13,715 - ERROR - Failed to save embedding for item 2431: 'str' object is not callable
2025-10-17 07:26:13,716 - ERROR - Failed to save embedding for item 2432: 'str' object is not callable
2025-10-17 07:26:13,716 - ERROR - Failed to save embedding for item 2433: 'str' object is not callable
2025-10-17 07:26:13,716 - ERROR - Failed to save embedding for item 2434: 'str' object is not callable
2025-10-17 07:26:13,717 - ERROR - Failed to save embedding for item 2435: 'str' object is not callable
2025-10-17 07:26:13,717 - ERROR - Failed to save embedding for item 2436: 'str' object is not callable
2025-10-17 07:26:13,717 - ERROR - Failed to save embedding for item 2437: 'str' object is not callable
2025-10-17 07:26:13,717 - ERROR - Failed to save embedding for item 2438: 'str' object is not callable
2025-10-17 07:26:13,718 - ERROR - Failed to save embedding for item 2439: 'str' object is not callable
2025-10-17 07:26:13,718 - ERROR - Failed to save embedding for item 2440: 'str' object is not callable
2025-10-17 07:26:13,718 - ERROR - Failed to save embedding for item 2441: 'str' object is not callable
2025-10-17 07:26:13,719 - ERROR - Failed to save embedding for item 2442: 'str' object is not callable
2025-10-17 07:26:13,719 - ERROR - Failed to save embedding for item 2443: 'str' object is not callable
2025-10-17 07:26:13,719 - ERROR - Failed to save embedding for item 2444: 'str' object is not callable
2025-10-17 07:26:13,719 - ERROR - Failed to save embedding for item 2445: 'str' object is not callable
2025-10-17 07:26:13,720 - ERROR - Failed to save embedding for item 2446: 'str' object is not callable
2025-10-17 07:26:13,720 - ERROR - Failed to save embedding for item 2447: 'str' object is not callable
2025-10-17 07:26:13,720 - ERROR - Failed to save embedding for item 2448: 'str' object is not callable
2025-10-17 07:26:13,720 - ERROR - Failed to save embedding for item 2449: 'str' object is not callable
2025-10-17 07:26:13,721 - ERROR - Failed to save embedding for item 2450: 'str' object is not callable
2025-10-17 07:26:13,721 - ERROR - Failed to save embedding for item 2451: 'str' object is not callable
2025-10-17 07:26:13,721 - ERROR - Failed to save embedding for item 2452: 'str' object is not callable
2025-10-17 07:26:13,722 - ERROR - Failed to save embedding for item 2453: 'str' object is not callable
2025-10-17 07:26:13,722 - ERROR - Failed to save embedding for item 2454: 'str' object is not callable
2025-10-17 07:26:13,722 - ERROR - Failed to save embedding for item 2455: 'str' object is not callable
2025-10-17 07:26:13,723 - ERROR - Failed to save embedding for item 2456: 'str' object is not callable
2025-10-17 07:26:13,723 - ERROR - Failed to save embedding for item 2457: 'str' object is not callable
2025-10-17 07:26:14,373 - ERROR - Failed to save embedding for item 2458: 'str' object is not callable
2025-10-17 07:26:14,373 - ERROR - Failed to save embedding for item 2459: 'str' object is not callable
2025-10-17 07:26:14,374 - ERROR - Failed to save embedding for item 2460: 'str' object is not callable
2025-10-17 07:26:14,374 - ERROR - Failed to save embedding for item 2461: 'str' object is not callable
2025-10-17 07:26:14,374 - ERROR - Failed to save embedding for item 2462: 'str' object is not callable
2025-10-17 07:26:14,374 - ERROR - Failed to save embedding for item 2463: 'str' object is not callable
2025-10-17 07:26:14,375 - ERROR - Failed to save embedding for item 2464: 'str' object is not callable
2025-10-17 07:26:14,375 - ERROR - Failed to save embedding for item 2465: 'str' object is not callable
2025-10-17 07:26:14,375 - ERROR - Failed to save embedding for item 2466: 'str' object is not callable
2025-10-17 07:26:14,376 - ERROR - Failed to save embedding for item 2467: 'str' object is not callable
2025-10-17 07:26:14,376 - ERROR - Failed to save embedding for item 2468: 'str' object is not callable
2025-10-17 07:26:14,376 - ERROR - Failed to save embedding for item 2469: 'str' object is not callable
2025-10-17 07:26:14,376 - ERROR - Failed to save embedding for item 2470: 'str' object is not callable
2025-10-17 07:26:14,377 - ERROR - Failed to save embedding for item 2471: 'str' object is not callable
2025-10-17 07:26:14,377 - ERROR - Failed to save embedding for item 2472: 'str' object is not callable
2025-10-17 07:26:14,377 - ERROR - Failed to save embedding for item 2473: 'str' object is not callable
2025-10-17 07:26:14,377 - ERROR - Failed to save embedding for item 2474: 'str' object is not callable
2025-10-17 07:26:14,378 - ERROR - Failed to save embedding for item 2475: 'str' object is not callable
2025-10-17 07:26:14,378 - ERROR - Failed to save embedding for item 2476: 'str' object is not callable
2025-10-17 07:26:14,378 - ERROR - Failed to save embedding for item 2477: 'str' object is not callable
2025-10-17 07:26:14,379 - ERROR - Failed to save embedding for item 2478: 'str' object is not callable
2025-10-17 07:26:14,379 - ERROR - Failed to save embedding for item 2479: 'str' object is not callable
2025-10-17 07:26:14,379 - ERROR - Failed to save embedding for item 2480: 'str' object is not callable
2025-10-17 07:26:14,379 - ERROR - Failed to save embedding for item 2481: 'str' object is not callable
2025-10-17 07:26:14,380 - ERROR - Failed to save embedding for item 2482: 'str' object is not callable
2025-10-17 07:26:14,380 - ERROR - Failed to save embedding for item 2483: 'str' object is not callable
2025-10-17 07:26:14,380 - ERROR - Failed to save embedding for item 2484: 'str' object is not callable
2025-10-17 07:26:14,380 - ERROR - Failed to save embedding for item 2485: 'str' object is not callable
2025-10-17 07:26:14,387 - INFO - Progress: 2478/2478
2025-10-17 07:26:14,387 - INFO - 
============================================================
2025-10-17 07:26:14,387 - INFO - 📈 Embedding Generation Summary
2025-10-17 07:26:14,387 - INFO - ------------------------------------------------------------
2025-10-17 07:26:14,387 - INFO - Total items to process: 2,478
2025-10-17 07:26:14,387 - INFO - ✅ Successful: 0
2025-10-17 07:26:14,387 - INFO - ⚠️ Skipped: 0
2025-10-17 07:26:14,388 - INFO - ❌ Failed: 2,478
2025-10-17 07:26:14,388 - INFO - 📊 Success rate: 0.0%
2025-10-17 07:26:14,388 - INFO - ============================================================
2025-10-17 07:26:14,397 - INFO - 
📊 Final Database Status:
2025-10-17 07:26:14,397 - INFO -    Total items: 2,486
2025-10-17 07:26:14,397 - INFO -    Items with embedding: 8
2025-10-17 07:26:14,397 - INFO -    Coverage: 0.3%
2025-10-17 07:26:14,398 - INFO - ✅ Cleanup completed
2025-10-17 07:26:14,398 - INFO - ✨ Process completed successfully!
